This is pdfTeX, Version 3.141592653-2.6-1.40.28 (TeX Live 2025) (preloaded format=pdflatex 2025.9.18)  30 SEP 2025 23:13
entering extended mode
 restricted \write18 enabled.
 file:line:error style messages enabled.
 %&-line parsing enabled.
**c:/Users/30722/math/2025math/NoteBook/Notebook.tex
(c:/Users/30722/math/2025math/NoteBook/Notebook.tex
LaTeX2e <2025-06-01> patch level 1
L3 programming layer <2025-08-13>
(./package/fancy-book.cls

LaTeX Warning: You have requested document class `package/fancy-book',
               but the document class provides `fancy-book'.

Document Class: fancy-book 2021/03/11 Fancy Book
(c:/texlive/2025/texmf-dist/tex/latex/base/book.cls
Document Class: book 2025/01/22 v1.4n Standard LaTeX document class
(c:/texlive/2025/texmf-dist/tex/latex/base/bk10.clo
File: bk10.clo 2025/01/22 v1.4n Standard LaTeX file (size option)
)
\c@part=\count275
\c@chapter=\count276
\c@section=\count277
\c@subsection=\count278
\c@subsubsection=\count279
\c@paragraph=\count280
\c@subparagraph=\count281
\c@figure=\count282
\c@table=\count283
\abovecaptionskip=\skip49
\belowcaptionskip=\skip50
\bibindent=\dimen148
) (c:/texlive/2025/texmf-dist/tex/latex/biblatex/biblatex.sty
Package: biblatex 2025/07/10 v3.21 programmable bibliographies (PK/MW)
 (c:/texlive/2025/texmf-dist/tex/generic/pdftexcmds/pdftexcmds.sty
Package: pdftexcmds 2020-06-27 v0.33 Utility functions of pdfTeX for LuaTeX (HO)
 (c:/texlive/2025/texmf-dist/tex/generic/infwarerr/infwarerr.sty
Package: infwarerr 2019/12/03 v1.5 Providing info/warning/error messages (HO)
) (c:/texlive/2025/texmf-dist/tex/generic/iftex/iftex.sty
Package: iftex 2024/12/12 v1.0g TeX engine tests
) (c:/texlive/2025/texmf-dist/tex/generic/ltxcmds/ltxcmds.sty
Package: ltxcmds 2023-12-04 v1.26 LaTeX kernel commands for general use (HO)
)
Package pdftexcmds Info: \pdf@primitive is available.
Package pdftexcmds Info: \pdf@ifprimitive is available.
Package pdftexcmds Info: \pdfdraftmode found.
) (c:/texlive/2025/texmf-dist/tex/latex/etoolbox/etoolbox.sty
Package: etoolbox 2025/02/11 v2.5l e-TeX tools for LaTeX (JAW)
\etb@tempcnta=\count284
) (c:/texlive/2025/texmf-dist/tex/latex/graphics/keyval.sty
Package: keyval 2022/05/29 v1.15 key=value parser (DPC)
\KV@toks@=\toks17
) (c:/texlive/2025/texmf-dist/tex/latex/kvoptions/kvoptions.sty
Package: kvoptions 2022-06-15 v3.15 Key value format for package options (HO)
 (c:/texlive/2025/texmf-dist/tex/latex/kvsetkeys/kvsetkeys.sty
Package: kvsetkeys 2022-10-05 v1.19 Key value parser (HO)
)) (c:/texlive/2025/texmf-dist/tex/latex/logreq/logreq.sty
Package: logreq 2010/08/04 v1.0 xml request logger
\lrq@indent=\count285
 (c:/texlive/2025/texmf-dist/tex/latex/logreq/logreq.def
File: logreq.def 2010/08/04 v1.0 logreq spec v1.0
)) (c:/texlive/2025/texmf-dist/tex/latex/base/ifthen.sty
Package: ifthen 2024/03/16 v1.1e Standard LaTeX ifthen package (DPC)
) (c:/texlive/2025/texmf-dist/tex/latex/url/url.sty
\Urlmuskip=\muskip17
Package: url 2013/09/16  ver 3.4  Verb mode for urls, etc.
)
\c@tabx@nest=\count286
\c@listtotal=\count287
\c@listcount=\count288
\c@liststart=\count289
\c@liststop=\count290
\c@citecount=\count291
\c@citetotal=\count292
\c@multicitecount=\count293
\c@multicitetotal=\count294
\c@instcount=\count295
\c@maxnames=\count296
\c@minnames=\count297
\c@maxitems=\count298
\c@minitems=\count299
\c@citecounter=\count300
\c@maxcitecounter=\count301
\c@savedcitecounter=\count302
\c@uniquelist=\count303
\c@uniquename=\count304
\c@refsection=\count305
\c@refsegment=\count306
\c@maxextratitle=\count307
\c@maxextratitleyear=\count308
\c@maxextraname=\count309
\c@maxextradate=\count310
\c@maxextraalpha=\count311
\c@abbrvpenalty=\count312
\c@highnamepenalty=\count313
\c@lownamepenalty=\count314
\c@maxparens=\count315
\c@parenlevel=\count316
\blx@tempcnta=\count317
\blx@tempcntb=\count318
\blx@tempcntc=\count319
\c@blx@maxsection=\count320
\blx@maxsegment@0=\count321
\blx@notetype=\count322
\blx@parenlevel@text=\count323
\blx@parenlevel@foot=\count324
\blx@sectionciteorder@0=\count325
\blx@sectionciteorderinternal@0=\count326
\blx@entrysetcounter=\count327
\blx@biblioinstance=\count328
\labelnumberwidth=\skip51
\labelalphawidth=\skip52
\biblabelsep=\skip53
\bibitemsep=\skip54
\bibnamesep=\skip55
\bibinitsep=\skip56
\bibparsep=\skip57
\bibhang=\skip58
\blx@bcfin=\read2
\blx@bcfout=\write3
\blx@langwohyphens=\language90
\c@mincomprange=\count329
\c@maxcomprange=\count330
\c@mincompwidth=\count331
Package biblatex Info: Trying to load biblatex default data model...
Package biblatex Info: ... file 'blx-dm.def' found.
 (c:/texlive/2025/texmf-dist/tex/latex/biblatex/blx-dm.def
File: blx-dm.def 2025/07/10 v3.21 biblatex datamodel (PK/MW)
)
Package biblatex Info: Trying to load biblatex style data model...
Package biblatex Info: ... file 'numeric.dbx' not found.
Package biblatex Info: Trying to load biblatex custom data model...
Package biblatex Info: ... file 'biblatex-dm.cfg' not found.
\c@afterword=\count332
\c@savedafterword=\count333
\c@annotator=\count334
\c@savedannotator=\count335
\c@author=\count336
\c@savedauthor=\count337
\c@bookauthor=\count338
\c@savedbookauthor=\count339
\c@commentator=\count340
\c@savedcommentator=\count341
\c@editor=\count342
\c@savededitor=\count343
\c@editora=\count344
\c@savededitora=\count345
\c@editorb=\count346
\c@savededitorb=\count347
\c@editorc=\count348
\c@savededitorc=\count349
\c@foreword=\count350
\c@savedforeword=\count351
\c@holder=\count352
\c@savedholder=\count353
\c@introduction=\count354
\c@savedintroduction=\count355
\c@namea=\count356
\c@savednamea=\count357
\c@nameb=\count358
\c@savednameb=\count359
\c@namec=\count360
\c@savednamec=\count361
\c@translator=\count362
\c@savedtranslator=\count363
\c@shortauthor=\count364
\c@savedshortauthor=\count365
\c@shorteditor=\count366
\c@savedshorteditor=\count367
\c@labelname=\count368
\c@savedlabelname=\count369
\c@institution=\count370
\c@savedinstitution=\count371
\c@lista=\count372
\c@savedlista=\count373
\c@listb=\count374
\c@savedlistb=\count375
\c@listc=\count376
\c@savedlistc=\count377
\c@listd=\count378
\c@savedlistd=\count379
\c@liste=\count380
\c@savedliste=\count381
\c@listf=\count382
\c@savedlistf=\count383
\c@location=\count384
\c@savedlocation=\count385
\c@organization=\count386
\c@savedorganization=\count387
\c@origlocation=\count388
\c@savedoriglocation=\count389
\c@origpublisher=\count390
\c@savedorigpublisher=\count391
\c@publisher=\count392
\c@savedpublisher=\count393
\c@language=\count394
\c@savedlanguage=\count395
\c@origlanguage=\count396
\c@savedoriglanguage=\count397
\c@pageref=\count398
\c@savedpageref=\count399
\shorthandwidth=\skip59
\shortjournalwidth=\skip60
\shortserieswidth=\skip61
\shorttitlewidth=\skip62
\shortauthorwidth=\skip63
\shorteditorwidth=\skip64
\locallabelnumberwidth=\skip65
\locallabelalphawidth=\skip66
\localshorthandwidth=\skip67
\localshortjournalwidth=\skip68
\localshortserieswidth=\skip69
\localshorttitlewidth=\skip70
\localshortauthorwidth=\skip71
\localshorteditorwidth=\skip72
Package biblatex Info: Trying to load compatibility code...
Package biblatex Info: ... file 'blx-compat.def' found.
 (c:/texlive/2025/texmf-dist/tex/latex/biblatex/blx-compat.def
File: blx-compat.def 2025/07/10 v3.21 biblatex compatibility (PK/MW)
)
Package biblatex Info: Trying to load generic definitions...
Package biblatex Info: ... file 'biblatex.def' found.
 (c:/texlive/2025/texmf-dist/tex/latex/biblatex/biblatex.def
File: biblatex.def 2025/07/10 v3.21 biblatex compatibility (PK/MW)
\c@textcitecount=\count400
\c@textcitetotal=\count401
\c@textcitemaxnames=\count402
\c@biburlbigbreakpenalty=\count403
\c@biburlbreakpenalty=\count404
\c@biburlnumpenalty=\count405
\c@biburlucpenalty=\count406
\c@biburllcpenalty=\count407
\biburlbigskip=\muskip18
\biburlnumskip=\muskip19
\biburlucskip=\muskip20
\biburllcskip=\muskip21
\c@smartand=\count408
)
Package biblatex Info: Trying to load bibliography style 'numeric'...
Package biblatex Info: ... file 'numeric.bbx' found.
 (c:/texlive/2025/texmf-dist/tex/latex/biblatex/bbx/numeric.bbx
File: numeric.bbx 2025/07/10 v3.21 biblatex bibliography style (PK/MW)
Package biblatex Info: Trying to load bibliography style 'standard'...
Package biblatex Info: ... file 'standard.bbx' found.
 (c:/texlive/2025/texmf-dist/tex/latex/biblatex/bbx/standard.bbx
File: standard.bbx 2025/07/10 v3.21 biblatex bibliography style (PK/MW)
\c@bbx:relatedcount=\count409
\c@bbx:relatedtotal=\count410
))
Package biblatex Info: Trying to load citation style 'numeric-comp'...
Package biblatex Info: ... file 'numeric-comp.cbx' found.
 (c:/texlive/2025/texmf-dist/tex/latex/biblatex/cbx/numeric-comp.cbx
File: numeric-comp.cbx 2025/07/10 v3.21 biblatex citation style (PK/MW)
\c@cbx@tempcnta=\count411
\c@cbx@tempcntb=\count412
\c@cbx@tempcntc=\count413
\c@cbx@tempcntd=\count414
Package biblatex Info: Redefining '\cite'.
Package biblatex Info: Redefining '\parencite'.
Package biblatex Info: Redefining '\footcite'.
Package biblatex Info: Redefining '\footcitetext'.
Package biblatex Info: Redefining '\smartcite'.
Package biblatex Info: Redefining '\supercite'.
Package biblatex Info: Redefining '\textcite'.
Package biblatex Info: Redefining '\textcites'.
Package biblatex Info: Redefining '\cites'.
Package biblatex Info: Redefining '\parencites'.
Package biblatex Info: Redefining '\smartcites'.
)
Package biblatex Info: Trying to load configuration file...
Package biblatex Info: ... file 'biblatex.cfg' found.
 (c:/texlive/2025/texmf-dist/tex/latex/biblatex/biblatex.cfg
File: biblatex.cfg 
)
Package biblatex Info: Input encoding 'utf8' detected.
Package biblatex Info: Document encoding is UTF8 ....
 (c:/texlive/2025/texmf-dist/tex/latex/l3kernel/expl3.sty
Package: expl3 2025-08-13 L3 programming layer (loader) 
 (c:/texlive/2025/texmf-dist/tex/latex/l3backend/l3backend-pdftex.def
File: l3backend-pdftex.def 2025-06-09 L3 backend support: PDF output (pdfTeX)
\l__color_backend_stack_int=\count415
))
Package biblatex Info: ... and expl3
(biblatex)             2025-08-13 L3 programming layer (loader) 
(biblatex)             is new enough (at least 2020/04/06),
(biblatex)             setting 'casechanger=expl3'.
 (c:/texlive/2025/texmf-dist/tex/latex/biblatex/blx-case-expl3.sty (c:/texlive/2025/texmf-dist/tex/latex/l3packages/xparse/xparse.sty
Package: xparse 2024-08-16 L3 Experimental document command parser
)
Package: blx-case-expl3 2025/07/10 v3.21 expl3 case changing code for biblatex
)) (c:/texlive/2025/texmf-dist/tex/latex/csquotes/csquotes.sty
Package: csquotes 2024-04-04 v5.2o context-sensitive quotations (JAW)
\csq@reset=\count416
\csq@gtype=\count417
\csq@glevel=\count418
\csq@qlevel=\count419
\csq@maxlvl=\count420
\csq@tshold=\count421
\csq@ltx@everypar=\toks18
 (c:/texlive/2025/texmf-dist/tex/latex/csquotes/csquotes.def
File: csquotes.def 2024-04-04 v5.2o csquotes generic definitions (JAW)
)
Package csquotes Info: Trying to load configuration file 'csquotes.cfg'...
Package csquotes Info: ... configuration file loaded successfully.
 (c:/texlive/2025/texmf-dist/tex/latex/csquotes/csquotes.cfg
File: csquotes.cfg 
)) (c:/texlive/2025/texmf-dist/tex/latex/graphics/graphicx.sty
Package: graphicx 2024/12/31 v1.2e Enhanced LaTeX Graphics (DPC,SPQR)
 (c:/texlive/2025/texmf-dist/tex/latex/graphics/graphics.sty
Package: graphics 2024/08/06 v1.4g Standard LaTeX Graphics (DPC,SPQR)
 (c:/texlive/2025/texmf-dist/tex/latex/graphics/trig.sty
Package: trig 2023/12/02 v1.11 sin cos tan (DPC)
) (c:/texlive/2025/texmf-dist/tex/latex/graphics-cfg/graphics.cfg
File: graphics.cfg 2016/06/04 v1.11 sample graphics configuration
)
Package graphics Info: Driver file: pdftex.def on input line 106.
 (c:/texlive/2025/texmf-dist/tex/latex/graphics-def/pdftex.def
File: pdftex.def 2024/04/13 v1.2c Graphics/color driver for pdftex
))
\Gin@req@height=\dimen149
\Gin@req@width=\dimen150
) (c:/texlive/2025/texmf-dist/tex/latex/float/float.sty
Package: float 2001/11/08 v1.3d Float enhancements (AL)
\c@float@type=\count422
\float@exts=\toks19
\float@box=\box53
\@float@everytoks=\toks20
\@floatcapt=\box54
) (c:/texlive/2025/texmf-dist/tex/latex/wrapfig/wrapfig.sty
\wrapoverhang=\dimen151
\WF@size=\dimen152
\c@WF@wrappedlines=\count423
\WF@box=\box55
\WF@everypar=\toks21
Package: wrapfig 2003/01/31  v 3.6
) (c:/texlive/2025/texmf-dist/tex/latex/hyperref/hyperref.sty
Package: hyperref 2025-07-12 v7.01o Hypertext links for LaTeX
 (c:/texlive/2025/texmf-dist/tex/generic/kvdefinekeys/kvdefinekeys.sty
Package: kvdefinekeys 2019-12-19 v1.6 Define keys (HO)
) (c:/texlive/2025/texmf-dist/tex/generic/pdfescape/pdfescape.sty
Package: pdfescape 2019/12/09 v1.15 Implements pdfTeX's escape features (HO)
) (c:/texlive/2025/texmf-dist/tex/latex/hycolor/hycolor.sty
Package: hycolor 2020-01-27 v1.10 Color options for hyperref/bookmark (HO)
) (c:/texlive/2025/texmf-dist/tex/latex/hyperref/nameref.sty
Package: nameref 2025-06-21 v2.57 Cross-referencing by name of section
 (c:/texlive/2025/texmf-dist/tex/latex/refcount/refcount.sty
Package: refcount 2019/12/15 v3.6 Data extraction from label references (HO)
) (c:/texlive/2025/texmf-dist/tex/generic/gettitlestring/gettitlestring.sty
Package: gettitlestring 2019/12/15 v1.6 Cleanup title references (HO)
)
\c@section@level=\count424
) (c:/texlive/2025/texmf-dist/tex/generic/stringenc/stringenc.sty
Package: stringenc 2019/11/29 v1.12 Convert strings between diff. encodings (HO)
)
\@linkdim=\dimen153
\Hy@linkcounter=\count425
\Hy@pagecounter=\count426
 (c:/texlive/2025/texmf-dist/tex/latex/hyperref/pd1enc.def
File: pd1enc.def 2025-07-12 v7.01o Hyperref: PDFDocEncoding definition (HO)
Now handling font encoding PD1 ...
... no UTF-8 mapping file for font encoding PD1
) (c:/texlive/2025/texmf-dist/tex/generic/intcalc/intcalc.sty
Package: intcalc 2019/12/15 v1.3 Expandable calculations with integers (HO)
)
\Hy@SavedSpaceFactor=\count427
 (c:/texlive/2025/texmf-dist/tex/latex/hyperref/puenc.def
File: puenc.def 2025-07-12 v7.01o Hyperref: PDF Unicode definition (HO)
Now handling font encoding PU ...
... no UTF-8 mapping file for font encoding PU
)
Package hyperref Info: Hyper figures OFF on input line 4195.
Package hyperref Info: Link nesting OFF on input line 4200.
Package hyperref Info: Hyper index ON on input line 4203.
Package hyperref Info: Plain pages OFF on input line 4210.
Package hyperref Info: Backreferencing OFF on input line 4215.
Package hyperref Info: Implicit mode ON; LaTeX internals redefined.
Package hyperref Info: Bookmarks ON on input line 4462.
\c@Hy@tempcnt=\count428
LaTeX Info: Redefining \url on input line 4801.
\XeTeXLinkMargin=\dimen154
 (c:/texlive/2025/texmf-dist/tex/generic/bitset/bitset.sty
Package: bitset 2019/12/09 v1.3 Handle bit-vector datatype (HO)
 (c:/texlive/2025/texmf-dist/tex/generic/bigintcalc/bigintcalc.sty
Package: bigintcalc 2019/12/15 v1.5 Expandable calculations on big integers (HO)
))
\Fld@menulength=\count429
\Field@Width=\dimen155
\Fld@charsize=\dimen156
Package hyperref Info: Hyper figures OFF on input line 6078.
Package hyperref Info: Link nesting OFF on input line 6083.
Package hyperref Info: Hyper index ON on input line 6086.
Package hyperref Info: backreferencing OFF on input line 6093.
Package hyperref Info: Link coloring OFF on input line 6098.
Package hyperref Info: Link coloring with OCG OFF on input line 6103.
Package hyperref Info: PDF/A mode OFF on input line 6108.
\Hy@abspage=\count430
\c@Item=\count431
\c@Hfootnote=\count432
)
Package hyperref Info: Driver (autodetected): hpdftex.
 (c:/texlive/2025/texmf-dist/tex/latex/hyperref/hpdftex.def
File: hpdftex.def 2025-07-12 v7.01o Hyperref driver for pdfTeX
\Fld@listcount=\count433
\c@bookmark@seq@number=\count434
 (c:/texlive/2025/texmf-dist/tex/latex/rerunfilecheck/rerunfilecheck.sty
Package: rerunfilecheck 2025-06-21 v1.11 Rerun checks for auxiliary files (HO)
 (c:/texlive/2025/texmf-dist/tex/generic/uniquecounter/uniquecounter.sty
Package: uniquecounter 2019/12/15 v1.4 Provide unlimited unique counter (HO)
)
Package uniquecounter Info: New unique counter `rerunfilecheck' on input line 284.
)
\Hy@SectionHShift=\skip73
) (c:/texlive/2025/texmf-dist/tex/latex/lm/lmodern.sty
Package: lmodern 2015/05/01 v1.6.1 Latin Modern Fonts
LaTeX Font Info:    Overwriting symbol font `operators' in version `normal'
(Font)                  OT1/cmr/m/n --> OT1/lmr/m/n on input line 22.
LaTeX Font Info:    Overwriting symbol font `letters' in version `normal'
(Font)                  OML/cmm/m/it --> OML/lmm/m/it on input line 23.
LaTeX Font Info:    Overwriting symbol font `symbols' in version `normal'
(Font)                  OMS/cmsy/m/n --> OMS/lmsy/m/n on input line 24.
LaTeX Font Info:    Overwriting symbol font `largesymbols' in version `normal'
(Font)                  OMX/cmex/m/n --> OMX/lmex/m/n on input line 25.
LaTeX Font Info:    Overwriting symbol font `operators' in version `bold'
(Font)                  OT1/cmr/bx/n --> OT1/lmr/bx/n on input line 26.
LaTeX Font Info:    Overwriting symbol font `letters' in version `bold'
(Font)                  OML/cmm/b/it --> OML/lmm/b/it on input line 27.
LaTeX Font Info:    Overwriting symbol font `symbols' in version `bold'
(Font)                  OMS/cmsy/b/n --> OMS/lmsy/b/n on input line 28.
LaTeX Font Info:    Overwriting symbol font `largesymbols' in version `bold'
(Font)                  OMX/cmex/m/n --> OMX/lmex/m/n on input line 29.
LaTeX Font Info:    Overwriting math alphabet `\mathbf' in version `normal'
(Font)                  OT1/cmr/bx/n --> OT1/lmr/bx/n on input line 31.
LaTeX Font Info:    Overwriting math alphabet `\mathsf' in version `normal'
(Font)                  OT1/cmss/m/n --> OT1/lmss/m/n on input line 32.
LaTeX Font Info:    Overwriting math alphabet `\mathit' in version `normal'
(Font)                  OT1/cmr/m/it --> OT1/lmr/m/it on input line 33.
LaTeX Font Info:    Overwriting math alphabet `\mathtt' in version `normal'
(Font)                  OT1/cmtt/m/n --> OT1/lmtt/m/n on input line 34.
LaTeX Font Info:    Overwriting math alphabet `\mathbf' in version `bold'
(Font)                  OT1/cmr/bx/n --> OT1/lmr/bx/n on input line 35.
LaTeX Font Info:    Overwriting math alphabet `\mathsf' in version `bold'
(Font)                  OT1/cmss/bx/n --> OT1/lmss/bx/n on input line 36.
LaTeX Font Info:    Overwriting math alphabet `\mathit' in version `bold'
(Font)                  OT1/cmr/bx/it --> OT1/lmr/bx/it on input line 37.
LaTeX Font Info:    Overwriting math alphabet `\mathtt' in version `bold'
(Font)                  OT1/cmtt/m/n --> OT1/lmtt/m/n on input line 38.
) (c:/texlive/2025/texmf-dist/tex/generic/babel/babel.sty
Package: babel 2025/08/03 v25.12 The multilingual framework for LuaLaTeX, pdfLaTeX and XeLaTeX
\babel@savecnt=\count435
LaTeX Encoding Info:    Redeclaring text command \ij (encoding OT1) on input line 2045.
LaTeX Encoding Info:    Redeclaring text command \IJ (encoding OT1) on input line 2047.
LaTeX Encoding Info:    Redeclaring text command \ij (encoding T1) on input line 2049.
LaTeX Encoding Info:    Redeclaring text command \IJ (encoding T1) on input line 2050.
LaTeX Encoding Info:    Ignoring declaration for text command \ij (encoding ?) on input line 2051.
LaTeX Encoding Info:    Ignoring declaration for text command \IJ (encoding ?) on input line 2053.
LaTeX Encoding Info:    Ignoring declaration for text command \SS (encoding ?) on input line 2078.
\U@D=\dimen157
\l@unhyphenated=\language91
 (c:/texlive/2025/texmf-dist/tex/generic/babel/txtbabel.def)
\bbl@readstream=\read3
\bbl@dirlevel=\count436
 (c:/texlive/2025/texmf-dist/tex/generic/babel-english/english.ldf
Language: english 2017/06/06 v3.3r English support from the babel system
 (c:/texlive/2025/texmf-dist/tex/generic/babel/locale/en/babel-english.tex
Package babel Info: Importing font and identification data for english
(babel)             from babel-en.ini. Reported on input line 12.
)
Package babel Info: Hyphen rules for 'canadian' set to \l@english
(babel)             (\language0). Reported on input line 102.
Package babel Info: Hyphen rules for 'australian' set to \l@ukenglish
(babel)             (\language22). Reported on input line 105.
Package babel Info: Hyphen rules for 'newzealand' set to \l@ukenglish
(babel)             (\language22). Reported on input line 108.
)) (c:/texlive/2025/texmf-dist/tex/latex/geometry/geometry.sty
Package: geometry 2020/01/02 v5.9 Page Geometry
 (c:/texlive/2025/texmf-dist/tex/generic/iftex/ifvtex.sty
Package: ifvtex 2019/10/25 v1.7 ifvtex legacy package. Use iftex instead.
)
\Gm@cnth=\count437
\Gm@cntv=\count438
\c@Gm@tempcnt=\count439
\Gm@bindingoffset=\dimen158
\Gm@wd@mp=\dimen159
\Gm@odd@mp=\dimen160
\Gm@even@mp=\dimen161
\Gm@layoutwidth=\dimen162
\Gm@layoutheight=\dimen163
\Gm@layouthoffset=\dimen164
\Gm@layoutvoffset=\dimen165
\Gm@dimlist=\toks22
)
Package hyperref Info: Option `colorlinks' set `true' on input line 25.
 (c:/texlive/2025/texmf-dist/tex/latex/fancyhdr/fancyhdr.sty
Package: fancyhdr 2025/02/07 v5.2 Extensive control of page headers and footers
\f@nch@headwidth=\skip74
\f@nch@offset@elh=\skip75
\f@nch@offset@erh=\skip76
\f@nch@offset@olh=\skip77
\f@nch@offset@orh=\skip78
\f@nch@offset@elf=\skip79
\f@nch@offset@erf=\skip80
\f@nch@offset@olf=\skip81
\f@nch@offset@orf=\skip82
\f@nch@height=\skip83
\f@nch@footalignment=\skip84
\f@nch@widthL=\skip85
\f@nch@widthC=\skip86
\f@nch@widthR=\skip87
\@temptokenb=\toks23
) (c:/texlive/2025/texmf-dist/tex/latex/fourier/fourier-orns.sty
Package: fourier-orns 2024/09/08 2.4 fourier-ornaments package
) (c:/texlive/2025/texmf-dist/tex/latex/xpatch/xpatch.sty
Package: xpatch 2020/03/25 v0.3a Extending etoolbox patching commands
) (c:/texlive/2025/texmf-dist/tex/latex/blindtext/blindtext.sty
Package: blindtext 2012/01/06 V2.0 blindtext-Package
 (c:/texlive/2025/texmf-dist/tex/latex/tools/xspace.sty
Package: xspace 2014/10/28 v1.13 Space after command names (DPC,MH)
)
\c@blindtext=\count440
\c@Blindtext=\count441
\c@blind@countparstart=\count442
\blind@countxx=\count443
\blindtext@numBlindtext=\count444
\blind@countyy=\count445
\c@blindlist=\count446
\c@blindlistlevel=\count447
\c@blindlist@level=\count448
\blind@listitem=\count449
\c@blind@listcount=\count450
\c@blind@levelcount=\count451
\blind@mathformula=\count452
\blind@Mathformula=\count453
\c@blind@randomcount=\count454
\c@blind@randommax=\count455
\c@blind@pangramcount=\count456
\c@blind@pangrammax=\count457
) (c:/texlive/2025/texmf-dist/tex/latex/xcolor/xcolor.sty
Package: xcolor 2024/09/29 v3.02 LaTeX color extensions (UK)
 (c:/texlive/2025/texmf-dist/tex/latex/graphics-cfg/color.cfg
File: color.cfg 2016/01/02 v1.6 sample color configuration
)
Package xcolor Info: Driver file: pdftex.def on input line 274.
 (c:/texlive/2025/texmf-dist/tex/latex/graphics/mathcolor.ltx)
Package xcolor Info: Model `cmy' substituted by `cmy0' on input line 1349.
Package xcolor Info: Model `hsb' substituted by `rgb' on input line 1353.
Package xcolor Info: Model `RGB' extended on input line 1365.
Package xcolor Info: Model `HTML' substituted by `rgb' on input line 1367.
Package xcolor Info: Model `Hsb' substituted by `hsb' on input line 1368.
Package xcolor Info: Model `tHsb' substituted by `hsb' on input line 1369.
Package xcolor Info: Model `HSB' substituted by `hsb' on input line 1370.
Package xcolor Info: Model `Gray' substituted by `gray' on input line 1371.
Package xcolor Info: Model `wave' substituted by `hsb' on input line 1372.
)
Patched makeschapterhead
Patching of @makechapterhead failed
) (c:/texlive/2025/texmf-dist/tex/latex/base/fontenc.sty
Package: fontenc 2024/12/21 v2.1c Standard LaTeX package
LaTeX Font Info:    Trying to load font information for T1+lmr on input line 116.
 (c:/texlive/2025/texmf-dist/tex/latex/lm/t1lmr.fd
File: t1lmr.fd 2015/05/01 v1.6.1 Font defs for Latin Modern
)) (c:/texlive/2025/texmf-dist/tex/latex/extarrows/extarrows.sty
Package: extarrows 2020/03/12 v1.2.0 Some extensible arrows
 (c:/texlive/2025/texmf-dist/tex/latex/amsmath/amsmath.sty
Package: amsmath 2025/06/16 v2.17y AMS math features
\@mathmargin=\skip88

For additional information on amsmath, use the `?' option.
(c:/texlive/2025/texmf-dist/tex/latex/amsmath/amstext.sty
Package: amstext 2024/11/17 v2.01 AMS text
 (c:/texlive/2025/texmf-dist/tex/latex/amsmath/amsgen.sty
File: amsgen.sty 1999/11/30 v2.0 generic functions
\@emptytoks=\toks24
\ex@=\dimen166
)) (c:/texlive/2025/texmf-dist/tex/latex/amsmath/amsbsy.sty
Package: amsbsy 1999/11/29 v1.2d Bold Symbols
\pmbraise@=\dimen167
) (c:/texlive/2025/texmf-dist/tex/latex/amsmath/amsopn.sty
Package: amsopn 2022/04/08 v2.04 operator names
)
\inf@bad=\count458
LaTeX Info: Redefining \frac on input line 233.
\uproot@=\count459
\leftroot@=\count460
LaTeX Info: Redefining \overline on input line 398.
LaTeX Info: Redefining \colon on input line 409.
\classnum@=\count461
\DOTSCASE@=\count462
LaTeX Info: Redefining \ldots on input line 495.
LaTeX Info: Redefining \dots on input line 498.
LaTeX Info: Redefining \cdots on input line 619.
\Mathstrutbox@=\box56
\strutbox@=\box57
LaTeX Info: Redefining \big on input line 721.
LaTeX Info: Redefining \Big on input line 722.
LaTeX Info: Redefining \bigg on input line 723.
LaTeX Info: Redefining \Bigg on input line 724.
\big@size=\dimen168
LaTeX Font Info:    Redeclaring font encoding OML on input line 742.
LaTeX Font Info:    Redeclaring font encoding OMS on input line 743.
\macc@depth=\count463
LaTeX Info: Redefining \bmod on input line 904.
LaTeX Info: Redefining \pmod on input line 909.
LaTeX Info: Redefining \smash on input line 939.
LaTeX Info: Redefining \relbar on input line 969.
LaTeX Info: Redefining \Relbar on input line 970.
\c@MaxMatrixCols=\count464
\dotsspace@=\muskip22
\c@parentequation=\count465
\dspbrk@lvl=\count466
\tag@help=\toks25
\row@=\count467
\column@=\count468
\maxfields@=\count469
\andhelp@=\toks26
\eqnshift@=\dimen169
\alignsep@=\dimen170
\tagshift@=\dimen171
\tagwidth@=\dimen172
\totwidth@=\dimen173
\lineht@=\dimen174
\@envbody=\toks27
\multlinegap=\skip89
\multlinetaggap=\skip90
\mathdisplay@stack=\toks28
LaTeX Info: Redefining \[ on input line 2949.
LaTeX Info: Redefining \] on input line 2950.
)) (./package/color-env.sty

LaTeX Warning: You have requested package `package/color-env',
               but the package provides `color-env'.

Package: color-env 2020/10/31 color-env
(c:/texlive/2025/texmf-dist/tex/latex/mdframed/mdframed.sty
Package: mdframed 2013/07/01 1.9b: mdframed
 (c:/texlive/2025/texmf-dist/tex/latex/zref/zref-abspage.sty
Package: zref-abspage 2025-06-08 v2.36 Module abspage for zref (HO)
 (c:/texlive/2025/texmf-dist/tex/latex/zref/zref-base.sty
Package: zref-base 2025-06-08 v2.36 Module base for zref (HO)
 (c:/texlive/2025/texmf-dist/tex/generic/etexcmds/etexcmds.sty
Package: etexcmds 2019/12/15 v1.7 Avoid name clashes with e-TeX commands (HO)
) (c:/texlive/2025/texmf-dist/tex/latex/auxhook/auxhook.sty
Package: auxhook 2019-12-17 v1.6 Hooks for auxiliary files (HO)
)
Package zref Info: New property list: main on input line 767.
Package zref Info: New property: default on input line 768.
Package zref Info: New property: page on input line 769.
)
\c@abspage=\count470
Package zref Info: New property: abspage on input line 67.
) (c:/texlive/2025/texmf-dist/tex/latex/needspace/needspace.sty
Package: needspace 2025/03/13 v1.3e reserve vertical space
)
\mdf@templength=\skip91
\c@mdf@globalstyle@cnt=\count471
\mdf@skipabove@length=\skip92
\mdf@skipbelow@length=\skip93
\mdf@leftmargin@length=\skip94
\mdf@rightmargin@length=\skip95
\mdf@innerleftmargin@length=\skip96
\mdf@innerrightmargin@length=\skip97
\mdf@innertopmargin@length=\skip98
\mdf@innerbottommargin@length=\skip99
\mdf@splittopskip@length=\skip100
\mdf@splitbottomskip@length=\skip101
\mdf@outermargin@length=\skip102
\mdf@innermargin@length=\skip103
\mdf@linewidth@length=\skip104
\mdf@innerlinewidth@length=\skip105
\mdf@middlelinewidth@length=\skip106
\mdf@outerlinewidth@length=\skip107
\mdf@roundcorner@length=\skip108
\mdf@footenotedistance@length=\skip109
\mdf@userdefinedwidth@length=\skip110
\mdf@needspace@length=\skip111
\mdf@frametitleaboveskip@length=\skip112
\mdf@frametitlebelowskip@length=\skip113
\mdf@frametitlerulewidth@length=\skip114
\mdf@frametitleleftmargin@length=\skip115
\mdf@frametitlerightmargin@length=\skip116
\mdf@shadowsize@length=\skip117
\mdf@extratopheight@length=\skip118
\mdf@subtitleabovelinewidth@length=\skip119
\mdf@subtitlebelowlinewidth@length=\skip120
\mdf@subtitleaboveskip@length=\skip121
\mdf@subtitlebelowskip@length=\skip122
\mdf@subtitleinneraboveskip@length=\skip123
\mdf@subtitleinnerbelowskip@length=\skip124
\mdf@subsubtitleabovelinewidth@length=\skip125
\mdf@subsubtitlebelowlinewidth@length=\skip126
\mdf@subsubtitleaboveskip@length=\skip127
\mdf@subsubtitlebelowskip@length=\skip128
\mdf@subsubtitleinneraboveskip@length=\skip129
\mdf@subsubtitleinnerbelowskip@length=\skip130
 (c:/texlive/2025/texmf-dist/tex/latex/pgf/frontendlayer/tikz.sty (c:/texlive/2025/texmf-dist/tex/latex/pgf/basiclayer/pgf.sty (c:/texlive/2025/texmf-dist/tex/latex/pgf/utilities/pgfrcs.sty (c:/texlive/2025/texmf-dist/tex/generic/pgf/utilities/pgfutil-common.tex
\pgfutil@everybye=\toks29
\pgfutil@tempdima=\dimen175
\pgfutil@tempdimb=\dimen176
) (c:/texlive/2025/texmf-dist/tex/generic/pgf/utilities/pgfutil-latex.def
\pgfutil@abb=\box58
) (c:/texlive/2025/texmf-dist/tex/generic/pgf/utilities/pgfrcs.code.tex (c:/texlive/2025/texmf-dist/tex/generic/pgf/pgf.revision.tex)
Package: pgfrcs 2025-08-29 v3.1.11a (3.1.11a)
))
Package: pgf 2025-08-29 v3.1.11a (3.1.11a)
 (c:/texlive/2025/texmf-dist/tex/latex/pgf/basiclayer/pgfcore.sty (c:/texlive/2025/texmf-dist/tex/latex/pgf/systemlayer/pgfsys.sty (c:/texlive/2025/texmf-dist/tex/generic/pgf/systemlayer/pgfsys.code.tex
Package: pgfsys 2025-08-29 v3.1.11a (3.1.11a)
 (c:/texlive/2025/texmf-dist/tex/generic/pgf/utilities/pgfkeys.code.tex
\pgfkeys@pathtoks=\toks30
\pgfkeys@temptoks=\toks31
 (c:/texlive/2025/texmf-dist/tex/generic/pgf/utilities/pgfkeyslibraryfiltered.code.tex
\pgfkeys@tmptoks=\toks32
))
\pgf@x=\dimen177
\pgf@y=\dimen178
\pgf@xa=\dimen179
\pgf@ya=\dimen180
\pgf@xb=\dimen181
\pgf@yb=\dimen182
\pgf@xc=\dimen183
\pgf@yc=\dimen184
\pgf@xd=\dimen185
\pgf@yd=\dimen186
\w@pgf@writea=\write4
\r@pgf@reada=\read4
\c@pgf@counta=\count472
\c@pgf@countb=\count473
\c@pgf@countc=\count474
\c@pgf@countd=\count475
\t@pgf@toka=\toks33
\t@pgf@tokb=\toks34
\t@pgf@tokc=\toks35
\pgf@sys@id@count=\count476
 (c:/texlive/2025/texmf-dist/tex/generic/pgf/systemlayer/pgf.cfg
File: pgf.cfg 2025-08-29 v3.1.11a (3.1.11a)
)
Driver file for pgf: pgfsys-pdftex.def
 (c:/texlive/2025/texmf-dist/tex/generic/pgf/systemlayer/pgfsys-pdftex.def
File: pgfsys-pdftex.def 2025-08-29 v3.1.11a (3.1.11a)
 (c:/texlive/2025/texmf-dist/tex/generic/pgf/systemlayer/pgfsys-common-pdf.def
File: pgfsys-common-pdf.def 2025-08-29 v3.1.11a (3.1.11a)
))) (c:/texlive/2025/texmf-dist/tex/generic/pgf/systemlayer/pgfsyssoftpath.code.tex
File: pgfsyssoftpath.code.tex 2025-08-29 v3.1.11a (3.1.11a)
\pgfsyssoftpath@smallbuffer@items=\count477
\pgfsyssoftpath@bigbuffer@items=\count478
) (c:/texlive/2025/texmf-dist/tex/generic/pgf/systemlayer/pgfsysprotocol.code.tex
File: pgfsysprotocol.code.tex 2025-08-29 v3.1.11a (3.1.11a)
)) (c:/texlive/2025/texmf-dist/tex/generic/pgf/basiclayer/pgfcore.code.tex
Package: pgfcore 2025-08-29 v3.1.11a (3.1.11a)
 (c:/texlive/2025/texmf-dist/tex/generic/pgf/math/pgfmath.code.tex (c:/texlive/2025/texmf-dist/tex/generic/pgf/math/pgfmathutil.code.tex) (c:/texlive/2025/texmf-dist/tex/generic/pgf/math/pgfmathparser.code.tex
\pgfmath@dimen=\dimen187
\pgfmath@count=\count479
\pgfmath@box=\box59
\pgfmath@toks=\toks36
\pgfmath@stack@operand=\toks37
\pgfmath@stack@operation=\toks38
) (c:/texlive/2025/texmf-dist/tex/generic/pgf/math/pgfmathfunctions.code.tex) (c:/texlive/2025/texmf-dist/tex/generic/pgf/math/pgfmathfunctions.basic.code.tex) (c:/texlive/2025/texmf-dist/tex/generic/pgf/math/pgfmathfunctions.trigonometric.code.tex) (c:/texlive/2025/texmf-dist/tex/generic/pgf/math/pgfmathfunctions.random.code.tex) (c:/texlive/2025/texmf-dist/tex/generic/pgf/math/pgfmathfunctions.comparison.code.tex) (c:/texlive/2025/texmf-dist/tex/generic/pgf/math/pgfmathfunctions.base.code.tex) (c:/texlive/2025/texmf-dist/tex/generic/pgf/math/pgfmathfunctions.round.code.tex) (c:/texlive/2025/texmf-dist/tex/generic/pgf/math/pgfmathfunctions.misc.code.tex) (c:/texlive/2025/texmf-dist/tex/generic/pgf/math/pgfmathfunctions.integerarithmetics.code.tex) (c:/texlive/2025/texmf-dist/tex/generic/pgf/math/pgfmathcalc.code.tex) (c:/texlive/2025/texmf-dist/tex/generic/pgf/math/pgfmathfloat.code.tex
\c@pgfmathroundto@lastzeros=\count480
)) (c:/texlive/2025/texmf-dist/tex/generic/pgf/math/pgfint.code.tex) (c:/texlive/2025/texmf-dist/tex/generic/pgf/basiclayer/pgfcorepoints.code.tex
File: pgfcorepoints.code.tex 2025-08-29 v3.1.11a (3.1.11a)
\pgf@picminx=\dimen188
\pgf@picmaxx=\dimen189
\pgf@picminy=\dimen190
\pgf@picmaxy=\dimen191
\pgf@pathminx=\dimen192
\pgf@pathmaxx=\dimen193
\pgf@pathminy=\dimen194
\pgf@pathmaxy=\dimen195
\pgf@xx=\dimen196
\pgf@xy=\dimen197
\pgf@yx=\dimen198
\pgf@yy=\dimen199
\pgf@zx=\dimen256
\pgf@zy=\dimen257
) (c:/texlive/2025/texmf-dist/tex/generic/pgf/basiclayer/pgfcorepathconstruct.code.tex
File: pgfcorepathconstruct.code.tex 2025-08-29 v3.1.11a (3.1.11a)
\pgf@path@lastx=\dimen258
\pgf@path@lasty=\dimen259
) (c:/texlive/2025/texmf-dist/tex/generic/pgf/basiclayer/pgfcorepathusage.code.tex
File: pgfcorepathusage.code.tex 2025-08-29 v3.1.11a (3.1.11a)
\pgf@shorten@end@additional=\dimen260
\pgf@shorten@start@additional=\dimen261
) (c:/texlive/2025/texmf-dist/tex/generic/pgf/basiclayer/pgfcorescopes.code.tex
File: pgfcorescopes.code.tex 2025-08-29 v3.1.11a (3.1.11a)
\pgfpic=\box60
\pgf@hbox=\box61
\pgf@layerbox@main=\box62
\pgf@picture@serial@count=\count481
) (c:/texlive/2025/texmf-dist/tex/generic/pgf/basiclayer/pgfcoregraphicstate.code.tex
File: pgfcoregraphicstate.code.tex 2025-08-29 v3.1.11a (3.1.11a)
\pgflinewidth=\dimen262
) (c:/texlive/2025/texmf-dist/tex/generic/pgf/basiclayer/pgfcoretransformations.code.tex
File: pgfcoretransformations.code.tex 2025-08-29 v3.1.11a (3.1.11a)
\pgf@pt@x=\dimen263
\pgf@pt@y=\dimen264
\pgf@pt@temp=\dimen265
) (c:/texlive/2025/texmf-dist/tex/generic/pgf/basiclayer/pgfcorequick.code.tex
File: pgfcorequick.code.tex 2025-08-29 v3.1.11a (3.1.11a)
) (c:/texlive/2025/texmf-dist/tex/generic/pgf/basiclayer/pgfcoreobjects.code.tex
File: pgfcoreobjects.code.tex 2025-08-29 v3.1.11a (3.1.11a)
) (c:/texlive/2025/texmf-dist/tex/generic/pgf/basiclayer/pgfcorepathprocessing.code.tex
File: pgfcorepathprocessing.code.tex 2025-08-29 v3.1.11a (3.1.11a)
) (c:/texlive/2025/texmf-dist/tex/generic/pgf/basiclayer/pgfcorearrows.code.tex
File: pgfcorearrows.code.tex 2025-08-29 v3.1.11a (3.1.11a)
\pgfarrowsep=\dimen266
) (c:/texlive/2025/texmf-dist/tex/generic/pgf/basiclayer/pgfcoreshade.code.tex
File: pgfcoreshade.code.tex 2025-08-29 v3.1.11a (3.1.11a)
\pgf@max=\dimen267
\pgf@sys@shading@range@num=\count482
\pgf@shadingcount=\count483
) (c:/texlive/2025/texmf-dist/tex/generic/pgf/basiclayer/pgfcoreimage.code.tex
File: pgfcoreimage.code.tex 2025-08-29 v3.1.11a (3.1.11a)
) (c:/texlive/2025/texmf-dist/tex/generic/pgf/basiclayer/pgfcoreexternal.code.tex
File: pgfcoreexternal.code.tex 2025-08-29 v3.1.11a (3.1.11a)
\pgfexternal@startupbox=\box63
) (c:/texlive/2025/texmf-dist/tex/generic/pgf/basiclayer/pgfcorelayers.code.tex
File: pgfcorelayers.code.tex 2025-08-29 v3.1.11a (3.1.11a)
) (c:/texlive/2025/texmf-dist/tex/generic/pgf/basiclayer/pgfcoretransparency.code.tex
File: pgfcoretransparency.code.tex 2025-08-29 v3.1.11a (3.1.11a)
) (c:/texlive/2025/texmf-dist/tex/generic/pgf/basiclayer/pgfcorepatterns.code.tex
File: pgfcorepatterns.code.tex 2025-08-29 v3.1.11a (3.1.11a)
) (c:/texlive/2025/texmf-dist/tex/generic/pgf/basiclayer/pgfcorerdf.code.tex
File: pgfcorerdf.code.tex 2025-08-29 v3.1.11a (3.1.11a)
))) (c:/texlive/2025/texmf-dist/tex/generic/pgf/modules/pgfmoduleshapes.code.tex
File: pgfmoduleshapes.code.tex 2025-08-29 v3.1.11a (3.1.11a)
\pgfnodeparttextbox=\box64
) (c:/texlive/2025/texmf-dist/tex/generic/pgf/modules/pgfmoduleplot.code.tex
File: pgfmoduleplot.code.tex 2025-08-29 v3.1.11a (3.1.11a)
) (c:/texlive/2025/texmf-dist/tex/latex/pgf/compatibility/pgfcomp-version-0-65.sty
Package: pgfcomp-version-0-65 2025-08-29 v3.1.11a (3.1.11a)
\pgf@nodesepstart=\dimen268
\pgf@nodesepend=\dimen269
) (c:/texlive/2025/texmf-dist/tex/latex/pgf/compatibility/pgfcomp-version-1-18.sty
Package: pgfcomp-version-1-18 2025-08-29 v3.1.11a (3.1.11a)
)) (c:/texlive/2025/texmf-dist/tex/latex/pgf/utilities/pgffor.sty (c:/texlive/2025/texmf-dist/tex/latex/pgf/utilities/pgfkeys.sty (c:/texlive/2025/texmf-dist/tex/generic/pgf/utilities/pgfkeys.code.tex)) (c:/texlive/2025/texmf-dist/tex/latex/pgf/math/pgfmath.sty (c:/texlive/2025/texmf-dist/tex/generic/pgf/math/pgfmath.code.tex)) (c:/texlive/2025/texmf-dist/tex/generic/pgf/utilities/pgffor.code.tex
Package: pgffor 2025-08-29 v3.1.11a (3.1.11a)
\pgffor@iter=\dimen270
\pgffor@skip=\dimen271
\pgffor@stack=\toks39
\pgffor@toks=\toks40
)) (c:/texlive/2025/texmf-dist/tex/generic/pgf/frontendlayer/tikz/tikz.code.tex
Package: tikz 2025-08-29 v3.1.11a (3.1.11a)
 (c:/texlive/2025/texmf-dist/tex/generic/pgf/libraries/pgflibraryplothandlers.code.tex
File: pgflibraryplothandlers.code.tex 2025-08-29 v3.1.11a (3.1.11a)
\pgf@plot@mark@count=\count484
\pgfplotmarksize=\dimen272
)
\tikz@lastx=\dimen273
\tikz@lasty=\dimen274
\tikz@lastxsaved=\dimen275
\tikz@lastysaved=\dimen276
\tikz@lastmovetox=\dimen277
\tikz@lastmovetoy=\dimen278
\tikzleveldistance=\dimen279
\tikzsiblingdistance=\dimen280
\tikz@figbox=\box65
\tikz@figbox@bg=\box66
\tikz@tempbox=\box67
\tikz@tempbox@bg=\box68
\tikztreelevel=\count485
\tikznumberofchildren=\count486
\tikznumberofcurrentchild=\count487
\tikz@fig@count=\count488
 (c:/texlive/2025/texmf-dist/tex/generic/pgf/modules/pgfmodulematrix.code.tex
File: pgfmodulematrix.code.tex 2025-08-29 v3.1.11a (3.1.11a)
\pgfmatrixcurrentrow=\count489
\pgfmatrixcurrentcolumn=\count490
\pgf@matrix@numberofcolumns=\count491
)
\tikz@expandcount=\count492
 (c:/texlive/2025/texmf-dist/tex/generic/pgf/frontendlayer/tikz/libraries/tikzlibrarytopaths.code.tex
File: tikzlibrarytopaths.code.tex 2025-08-29 v3.1.11a (3.1.11a)
))) (c:/texlive/2025/texmf-dist/tex/latex/mdframed/md-frame-1.mdf
File: md-frame-1.mdf 2013/07/01\ 1.9b: md-frame-1
)
\mdf@frametitlebox=\box69
\mdf@footnotebox=\box70
\mdf@splitbox@one=\box71
\mdf@splitbox@two=\box72
\mdf@splitbox@save=\box73
\mdfsplitboxwidth=\skip131
\mdfsplitboxtotalwidth=\skip132
\mdfsplitboxheight=\skip133
\mdfsplitboxdepth=\skip134
\mdfsplitboxtotalheight=\skip135
\mdfframetitleboxwidth=\skip136
\mdfframetitleboxtotalwidth=\skip137
\mdfframetitleboxheight=\skip138
\mdfframetitleboxdepth=\skip139
\mdfframetitleboxtotalheight=\skip140
\mdffootnoteboxwidth=\skip141
\mdffootnoteboxtotalwidth=\skip142
\mdffootnoteboxheight=\skip143
\mdffootnoteboxdepth=\skip144
\mdffootnoteboxtotalheight=\skip145
\mdftotallinewidth=\skip146
\mdfboundingboxwidth=\skip147
\mdfboundingboxtotalwidth=\skip148
\mdfboundingboxheight=\skip149
\mdfboundingboxdepth=\skip150
\mdfboundingboxtotalheight=\skip151
\mdf@freevspace@length=\skip152
\mdf@horizontalwidthofbox@length=\skip153
\mdf@verticalmarginwhole@length=\skip154
\mdf@horizontalspaceofbox=\skip155
\mdfsubtitleheight=\skip156
\mdfsubsubtitleheight=\skip157
\c@mdfcountframes=\count493

****** mdframed patching \endmdf@trivlist

****** -- success******

\mdf@envdepth=\count494
\c@mdf@env@i=\count495
\c@mdf@env@ii=\count496
\c@mdf@zref@counter=\count497
Package zref Info: New property: mdf@pagevalue on input line 895.
) (c:/texlive/2025/texmf-dist/tex/latex/framed/framed.sty
Package: framed 2011/10/22 v 0.96: framed or shaded text with page breaks
\OuterFrameSep=\skip158
\fb@frw=\dimen281
\fb@frh=\dimen282
\FrameRule=\dimen283
\FrameSep=\dimen284
) (c:/texlive/2025/texmf-dist/tex/latex/amscls/amsthm.sty
Package: amsthm 2020/05/29 v2.20.6
\thm@style=\toks41
\thm@bodyfont=\toks42
\thm@headfont=\toks43
\thm@notefont=\toks44
\thm@headpunct=\toks45
\thm@preskip=\skip159
\thm@postskip=\skip160
\thm@headsep=\skip161
\dth@everypar=\toks46
)
\c@prob=\count498
\c@theo=\count499
\c@lem=\count500
\c@def=\count501
\c@cor=\count502
\c@prop=\count503
\c@eg=\count504
\c@rmk=\count505
\c@exer=\count506
) (c:/texlive/2025/texmf-dist/tex/latex/background/background.sty
Package: background 2014/03/04 v2.1 background material
 (c:/texlive/2025/texmf-dist/tex/latex/xkeyval/xkeyval.sty
Package: xkeyval 2022/06/16 v2.9 package option processing (HA)
 (c:/texlive/2025/texmf-dist/tex/generic/xkeyval/xkeyval.tex (c:/texlive/2025/texmf-dist/tex/generic/xkeyval/xkvutils.tex
\XKV@toks=\toks47
\XKV@tempa@toks=\toks48
)
\XKV@depth=\count507
File: xkeyval.tex 2014/12/03 v2.7a key=value parser (HA)
)) (c:/texlive/2025/texmf-dist/tex/latex/everypage/everypage.sty
Package: everypage 2020/10/17 R2.0b Hooks to run on every page


Package everypage Warning: Functionality similar to this package has recently
(everypage)                been implemented in LaTeX. This package is now in
(everypage)                legacy status.
(everypage)                Please, don't use it in new documents and packages.


Package everypage Warning: You appear to be running a version of LaTeX
(everypage)                providing the new functionality.
(everypage)                Doing the best to deliver the original `everypage`
(everypage)                interface on top of it. Strict equivalence is
(everypage)                not possible, breakage may occur.
(everypage)                If truly needed, Use `everypage-1x` to force the
(everypage)                loading of an older code base.

) (c:/texlive/2025/texmf-dist/tex/latex/tools/afterpage.sty
Package: afterpage 2023/07/04 v1.08 After-Page Package (DPC)
\AP@output=\toks49
\AP@partial=\box74
\AP@footins=\box75
)) (c:/texlive/2025/texmf-dist/tex/latex/pgfornament/pgfornament.sty (c:/texlive/2025/texmf-dist/tex/latex/pgfopts/pgfopts.sty
Package: pgfopts 2014/07/10 v2.1a LaTeX package options with pgfkeys
\pgfopts@list@add@a@toks=\toks50
\pgfopts@list@add@b@toks=\toks51
)
Package: pgfornament 2024/08/14 v1.3 vector ornaments
 (c:/texlive/2025/texmf-dist/tex/latex/pgfornament/pgflibraryvectorian.code.tex
2020/04/06 1.1 pgflibraryvectorian.code.tex
)) (c:/texlive/2025/texmf-dist/tex/latex/fundus-calligra/calligra.sty
Package: calligra 2012/04/10 v1.9 LaTeX package calligra
) (c:/texlive/2025/texmf-dist/tex/latex/lipsum/lipsum.sty (c:/texlive/2025/texmf-dist/tex/latex/l3packages/l3keys2e/l3keys2e.sty
Package: l3keys2e 2024-08-16 LaTeX2e option processing using LaTeX3 keys
)
Package: lipsum 2021-09-20 v2.7 150 paragraphs of Lorem Ipsum dummy text
\g__lipsum_par_int=\count508
\l__lipsum_a_int=\count509
\l__lipsum_b_int=\count510
 (c:/texlive/2025/texmf-dist/tex/latex/lipsum/lipsum.ltd.tex)) (c:/texlive/2025/texmf-dist/tex/latex/amsfonts/amssymb.sty
Package: amssymb 2013/01/14 v3.01 AMS font symbols
 (c:/texlive/2025/texmf-dist/tex/latex/amsfonts/amsfonts.sty
Package: amsfonts 2013/01/14 v3.01 Basic AMSFonts support
\symAMSa=\mathgroup4
\symAMSb=\mathgroup5
LaTeX Font Info:    Redeclaring math symbol \hbar on input line 98.
LaTeX Font Info:    Overwriting math alphabet `\mathfrak' in version `bold'
(Font)                  U/euf/m/n --> U/euf/b/n on input line 106.
)) (c:/texlive/2025/texmf-dist/tex/latex/physics/physics.sty
Package: physics 
) (c:/texlive/2025/texmf-dist/tex/latex/lettrine/lettrine.sty
File: lettrine.sty 2025-01-30 v2.80 (Daniel Flipo)
 (c:/texlive/2025/texmf-dist/tex/latex/l3packages/xfp/xfp.sty
Package: xfp 2024-08-16 L3 Floating point unit
)
\c@DefaultLines=\count511
\c@DefaultDepth=\count512
\DefaultFindent=\dimen285
\DefaultNindent=\dimen286
\DefaultSlope=\dimen287
\DiscardVskip=\dimen288
\L@lettrine=\box76
\L@lbox=\box77
\L@tbox=\box78
\c@L@lines=\count513
\c@L@depth=\count514
\L@Pindent=\dimen289
\L@Findent=\dimen290
\L@Nindent=\dimen291
\L@lraise=\dimen292
\L@first=\dimen293
\L@next=\dimen294
\L@slope=\dimen295
\L@height=\dimen296
\L@novskip=\dimen297
\L@target@ht=\dimen298
\L@target@dp=\dimen299
\L@target@tht=\dimen300
\LettrineWidth=\dimen301
\LettrineHeight=\dimen302
\LettrineDepth=\dimen303
\L@finalht=\dimen304
\L@finaldp=\dimen305

Loading lettrine.cfg
(c:/texlive/2025/texmf-dist/tex/latex/lettrine/lettrine.cfg)
\Lettrine@tweaks=\toks52
\Llist@everypar=\toks53
) (c:/texlive/2025/texmf-dist/tex/latex/cfr-initials/GoudyIn.sty
Package: GoudyIn 2007/11/24 v1.01 GoudyIn CFR
 (c:/texlive/2025/texmf-dist/tex/latex/initials/GoudyIn.fd
File: GoudyIn.fd 2003/04/02 Font definition file for U/GoudyIn
))

LaTeX Font Warning: Font shape `T1/lmr/m/scit' undefined
(Font)              using `T1/lmr/m/scsl' instead on input line 25.

(c:/texlive/2025/texmf-dist/tex/latex/enumitem/enumitem.sty
Package: enumitem 2025/02/06 v3.11 Customized lists
\labelindent=\skip162
\enit@outerparindent=\dimen306
\enit@toks=\toks54
\enit@inbox=\box79
\enit@count@id=\count515
\enitdp@description=\count516
)
Package csquotes Info: Checking for multilingual support...
Package csquotes Info: ... found 'babel' package.
Package csquotes Info: Adjusting default style.
Package csquotes Info: Redefining alias 'default' -> 'english'.
 (./Notebook.aux (./title.aux) (./complex/w1.aux

LaTeX Warning: Label `' multiply defined.


LaTeX Warning: Label `' multiply defined.


LaTeX Warning: Label `' multiply defined.


LaTeX Warning: Label `' multiply defined.


LaTeX Warning: Label `' multiply defined.


LaTeX Warning: Label `' multiply defined.


LaTeX Warning: Label `' multiply defined.


LaTeX Warning: Label `' multiply defined.


LaTeX Warning: Label `' multiply defined.


LaTeX Warning: Label `' multiply defined.


LaTeX Warning: Label `' multiply defined.


LaTeX Warning: Label `' multiply defined.


LaTeX Warning: Label `' multiply defined.


LaTeX Warning: Label `' multiply defined.


LaTeX Warning: Label `' multiply defined.


LaTeX Warning: Label `' multiply defined.


LaTeX Warning: Label `' multiply defined.


LaTeX Warning: Label `' multiply defined.


LaTeX Warning: Label `' multiply defined.


LaTeX Warning: Label `' multiply defined.


LaTeX Warning: Label `' multiply defined.


LaTeX Warning: Label `' multiply defined.


LaTeX Warning: Label `' multiply defined.


LaTeX Warning: Label `' multiply defined.


LaTeX Warning: Label `' multiply defined.


LaTeX Warning: Label `' multiply defined.


LaTeX Warning: Label `' multiply defined.


LaTeX Warning: Label `' multiply defined.


LaTeX Warning: Label `' multiply defined.


LaTeX Warning: Label `' multiply defined.


LaTeX Warning: Label `' multiply defined.


LaTeX Warning: Label `' multiply defined.


LaTeX Warning: Label `' multiply defined.


LaTeX Warning: Label `' multiply defined.


LaTeX Warning: Label `' multiply defined.


LaTeX Warning: Label `' multiply defined.


LaTeX Warning: Label `' multiply defined.


LaTeX Warning: Label `' multiply defined.


LaTeX Warning: Label `' multiply defined.


LaTeX Warning: Label `' multiply defined.


LaTeX Warning: Label `' multiply defined.


LaTeX Warning: Label `' multiply defined.


LaTeX Warning: Label `' multiply defined.


LaTeX Warning: Label `' multiply defined.


LaTeX Warning: Label `' multiply defined.


LaTeX Warning: Label `' multiply defined.


LaTeX Warning: Label `' multiply defined.


LaTeX Warning: Label `' multiply defined.


LaTeX Warning: Label `' multiply defined.


LaTeX Warning: Label `' multiply defined.


LaTeX Warning: Label `' multiply defined.


LaTeX Warning: Label `' multiply defined.


LaTeX Warning: Label `' multiply defined.


LaTeX Warning: Label `' multiply defined.

) (./htop/w1.aux

LaTeX Warning: Label `' multiply defined.


LaTeX Warning: Label `' multiply defined.


LaTeX Warning: Label `' multiply defined.


LaTeX Warning: Label `' multiply defined.


LaTeX Warning: Label `' multiply defined.


LaTeX Warning: Label `' multiply defined.


LaTeX Warning: Label `' multiply defined.


LaTeX Warning: Label `' multiply defined.


LaTeX Warning: Label `' multiply defined.


LaTeX Warning: Label `' multiply defined.


LaTeX Warning: Label `' multiply defined.


LaTeX Warning: Label `' multiply defined.


LaTeX Warning: Label `' multiply defined.


LaTeX Warning: Label `' multiply defined.


LaTeX Warning: Label `' multiply defined.


LaTeX Warning: Label `' multiply defined.


LaTeX Warning: Label `' multiply defined.


LaTeX Warning: Label `' multiply defined.


LaTeX Warning: Label `' multiply defined.


LaTeX Warning: Label `' multiply defined.


LaTeX Warning: Label `' multiply defined.


LaTeX Warning: Label `' multiply defined.


LaTeX Warning: Label `' multiply defined.


LaTeX Warning: Label `' multiply defined.


LaTeX Warning: Label `' multiply defined.


LaTeX Warning: Label `' multiply defined.


LaTeX Warning: Label `' multiply defined.


LaTeX Warning: Label `' multiply defined.


LaTeX Warning: Label `' multiply defined.


LaTeX Warning: Label `' multiply defined.


LaTeX Warning: Label `' multiply defined.


LaTeX Warning: Label `' multiply defined.


LaTeX Warning: Label `' multiply defined.


LaTeX Warning: Label `' multiply defined.


LaTeX Warning: Label `' multiply defined.


LaTeX Warning: Label `' multiply defined.


LaTeX Warning: Label `' multiply defined.


LaTeX Warning: Label `' multiply defined.


LaTeX Warning: Label `' multiply defined.


LaTeX Warning: Label `' multiply defined.


LaTeX Warning: Label `' multiply defined.


LaTeX Warning: Label `' multiply defined.


LaTeX Warning: Label `' multiply defined.


LaTeX Warning: Label `' multiply defined.


LaTeX Warning: Label `' multiply defined.


LaTeX Warning: Label `' multiply defined.


LaTeX Warning: Label `' multiply defined.


LaTeX Warning: Label `' multiply defined.


LaTeX Warning: Label `' multiply defined.


LaTeX Warning: Label `' multiply defined.


LaTeX Warning: Label `' multiply defined.


LaTeX Warning: Label `' multiply defined.


LaTeX Warning: Label `' multiply defined.


LaTeX Warning: Label `' multiply defined.


LaTeX Warning: Label `' multiply defined.


LaTeX Warning: Label `' multiply defined.


LaTeX Warning: Label `' multiply defined.


LaTeX Warning: Label `' multiply defined.


LaTeX Warning: Label `' multiply defined.


LaTeX Warning: Label `' multiply defined.


LaTeX Warning: Label `' multiply defined.


LaTeX Warning: Label `' multiply defined.


LaTeX Warning: Label `' multiply defined.


LaTeX Warning: Label `' multiply defined.


LaTeX Warning: Label `' multiply defined.


LaTeX Warning: Label `' multiply defined.


LaTeX Warning: Label `' multiply defined.


LaTeX Warning: Label `' multiply defined.


LaTeX Warning: Label `' multiply defined.


LaTeX Warning: Label `' multiply defined.


LaTeX Warning: Label `' multiply defined.


LaTeX Warning: Label `' multiply defined.


LaTeX Warning: Label `' multiply defined.


LaTeX Warning: Label `' multiply defined.


LaTeX Warning: Label `' multiply defined.


LaTeX Warning: Label `' multiply defined.


LaTeX Warning: Label `' multiply defined.


LaTeX Warning: Label `' multiply defined.


LaTeX Warning: Label `' multiply defined.


LaTeX Warning: Label `' multiply defined.


LaTeX Warning: Label `' multiply defined.


LaTeX Warning: Label `' multiply defined.


LaTeX Warning: Label `' multiply defined.


LaTeX Warning: Label `' multiply defined.


LaTeX Warning: Label `' multiply defined.


LaTeX Warning: Label `' multiply defined.


LaTeX Warning: Label `' multiply defined.


LaTeX Warning: Label `' multiply defined.


LaTeX Warning: Label `' multiply defined.


LaTeX Warning: Label `' multiply defined.


LaTeX Warning: Label `' multiply defined.


LaTeX Warning: Label `' multiply defined.


LaTeX Warning: Label `' multiply defined.


LaTeX Warning: Label `' multiply defined.


LaTeX Warning: Label `' multiply defined.


LaTeX Warning: Label `' multiply defined.


LaTeX Warning: Label `' multiply defined.


LaTeX Warning: Label `I' multiply defined.


LaTeX Warning: Label `' multiply defined.


LaTeX Warning: Label `' multiply defined.


LaTeX Warning: Label `' multiply defined.


LaTeX Warning: Label `' multiply defined.


LaTeX Warning: Label `' multiply defined.


LaTeX Warning: Label `' multiply defined.


LaTeX Warning: Label `' multiply defined.


LaTeX Warning: Label `thm:radon-nikodym' multiply defined.


LaTeX Warning: Label `' multiply defined.


LaTeX Warning: Label `' multiply defined.


LaTeX Warning: Label `' multiply defined.


LaTeX Warning: Label `' multiply defined.


LaTeX Warning: Label `' multiply defined.


LaTeX Warning: Label `' multiply defined.


LaTeX Warning: Label `' multiply defined.


LaTeX Warning: Label `' multiply defined.


LaTeX Warning: Label `' multiply defined.


LaTeX Warning: Label `' multiply defined.


LaTeX Warning: Label `' multiply defined.


LaTeX Warning: Label `' multiply defined.


LaTeX Warning: Label `' multiply defined.


LaTeX Warning: Label `' multiply defined.


LaTeX Warning: Label `' multiply defined.


LaTeX Warning: Label `' multiply defined.


LaTeX Warning: Label `' multiply defined.


LaTeX Warning: Label `' multiply defined.

) (./pde/w1.aux

LaTeX Warning: Label `1' multiply defined.


LaTeX Warning: Label `' multiply defined.


LaTeX Warning: Label `' multiply defined.


LaTeX Warning: Label `' multiply defined.


LaTeX Warning: Label `' multiply defined.


LaTeX Warning: Label `' multiply defined.


LaTeX Warning: Label `' multiply defined.


LaTeX Warning: Label `' multiply defined.


LaTeX Warning: Label `' multiply defined.


LaTeX Warning: Label `' multiply defined.


LaTeX Warning: Label `' multiply defined.


LaTeX Warning: Label `' multiply defined.


LaTeX Warning: Label `' multiply defined.


LaTeX Warning: Label `' multiply defined.


LaTeX Warning: Label `' multiply defined.


LaTeX Warning: Label `' multiply defined.


LaTeX Warning: Label `' multiply defined.


LaTeX Warning: Label `' multiply defined.


LaTeX Warning: Label `' multiply defined.


LaTeX Warning: Label `' multiply defined.


LaTeX Warning: Label `' multiply defined.


LaTeX Warning: Label `' multiply defined.


LaTeX Warning: Label `' multiply defined.


LaTeX Warning: Label `' multiply defined.


LaTeX Warning: Label `' multiply defined.


LaTeX Warning: Label `' multiply defined.


LaTeX Warning: Label `' multiply defined.


LaTeX Warning: Label `' multiply defined.


LaTeX Warning: Label `' multiply defined.


LaTeX Warning: Label `I' multiply defined.


LaTeX Warning: Label `' multiply defined.


LaTeX Warning: Label `' multiply defined.


LaTeX Warning: Label `' multiply defined.

) (./algo/w1.aux

LaTeX Warning: Label `' multiply defined.


LaTeX Warning: Label `' multiply defined.


LaTeX Warning: Label `' multiply defined.


LaTeX Warning: Label `' multiply defined.


LaTeX Warning: Label `' multiply defined.


LaTeX Warning: Label `' multiply defined.


LaTeX Warning: Label `' multiply defined.


LaTeX Warning: Label `' multiply defined.

))
\openout1 = `Notebook.aux'.

LaTeX Font Info:    Checking defaults for OML/cmm/m/it on input line 44.
LaTeX Font Info:    ... okay on input line 44.
LaTeX Font Info:    Checking defaults for OMS/cmsy/m/n on input line 44.
LaTeX Font Info:    ... okay on input line 44.
LaTeX Font Info:    Checking defaults for OT1/cmr/m/n on input line 44.
LaTeX Font Info:    ... okay on input line 44.
LaTeX Font Info:    Checking defaults for T1/cmr/m/n on input line 44.
LaTeX Font Info:    ... okay on input line 44.
LaTeX Font Info:    Checking defaults for TS1/cmr/m/n on input line 44.
LaTeX Font Info:    ... okay on input line 44.
LaTeX Font Info:    Checking defaults for OMX/cmex/m/n on input line 44.
LaTeX Font Info:    ... okay on input line 44.
LaTeX Font Info:    Checking defaults for U/cmr/m/n on input line 44.
LaTeX Font Info:    ... okay on input line 44.
LaTeX Font Info:    Checking defaults for PD1/pdf/m/n on input line 44.
LaTeX Font Info:    ... okay on input line 44.
LaTeX Font Info:    Checking defaults for PU/pdf/m/n on input line 44.
LaTeX Font Info:    ... okay on input line 44.
Package biblatex Info: Trying to load language 'english'...
Package biblatex Info: ... file 'english.lbx' found.
 (c:/texlive/2025/texmf-dist/tex/latex/biblatex/lbx/english.lbx
File: english.lbx 2025/07/10 v3.21 biblatex localization (PK/MW)
)
Package biblatex Info: Input encoding 'utf8' detected.
Package biblatex Info: Automatic encoding selection.
(biblatex)             Assuming data encoding 'utf8'.
\openout3 = `Notebook.bcf'.

Package biblatex Info: Trying to load bibliographic data...
Package biblatex Info: ... file 'Notebook.bbl' found.
 (./Notebook.bbl)
Package biblatex Info: Reference section=0 on input line 44.
Package biblatex Info: Reference segment=0 on input line 44.
 (c:/texlive/2025/texmf-dist/tex/context/base/mkii/supp-pdf.mkii
[Loading MPS to PDF converter (version 2006.09.02).]
\scratchcounter=\count517
\scratchdimen=\dimen307
\scratchbox=\box80
\nofMPsegments=\count518
\nofMParguments=\count519
\everyMPshowfont=\toks55
\MPscratchCnt=\count520
\MPscratchDim=\dimen308
\MPnumerator=\count521
\makeMPintoPDFobject=\count522
\everyMPtoPDFconversion=\toks56
) (c:/texlive/2025/texmf-dist/tex/latex/epstopdf-pkg/epstopdf-base.sty
Package: epstopdf-base 2020-01-24 v2.11 Base part for package epstopdf
Package epstopdf-base Info: Redefining graphics rule for `.eps' on input line 485.
 (c:/texlive/2025/texmf-dist/tex/latex/latexconfig/epstopdf-sys.cfg
File: epstopdf-sys.cfg 2010/07/13 v1.3 Configuration of (r)epstopdf for TeX Live
))
Package hyperref Info: Link coloring ON on input line 44.
 (./Notebook.out) (./Notebook.out)
\@outlinefile=\write5
\openout5 = `Notebook.out'.


*geometry* driver: auto-detecting
*geometry* detected driver: pdftex
*geometry* verbose mode - [ preamble ] result:
* driver: pdftex
* paper: <default>
* layout: <same size as paper>
* layoutoffset:(h,v)=(0.0pt,0.0pt)
* modes: 
* h-part:(L,W,R)=(108.405pt, 380.69788pt, 108.405pt)
* v-part:(T,H,B)=(108.405pt, 628.23685pt, 108.405pt)
* \paperwidth=597.50787pt
* \paperheight=845.04684pt
* \textwidth=380.69788pt
* \textheight=628.23685pt
* \oddsidemargin=36.13501pt
* \evensidemargin=36.13501pt
* \topmargin=6.06752pt
* \headheight=12.0pt
* \headsep=18.06749pt
* \topskip=10.0pt
* \footskip=25.29494pt
* \marginparwidth=61.0pt
* \marginparsep=7.0pt
* \columnsep=10.0pt
* \skip\footins=9.0pt plus 4.0pt minus 2.0pt
* \hoffset=0.0pt
* \voffset=0.0pt
* \mag=1000
* \@twocolumnfalse
* \@twosidefalse
* \@mparswitchfalse
* \@reversemarginfalse
* (1in=72.27pt=25.4mm, 1cm=28.453pt)

\openout2 = `title.aux'.

(./title.tex

LaTeX Font Warning: Font shape `T1/calligra/m/sc' undefined
(Font)              using `T1/calligra/m/n' instead on input line 50.

LaTeX Font Info:    Font shape `T1/calligra/m/n' will be
(Font)              scaled to size 29.86565pt on input line 50.

LaTeX Font Warning: Font shape `T1/lmr/m/scit' undefined
(Font)              using `T1/lmr/m/scsl' instead on input line 75.

<resource/image.png, id=417, 259.97125pt x 194.7275pt>
File: resource/image.png Graphic file (type png)
<use resource/image.png>
Package pdftex.def Info: resource/image.png  used on input line 85.
(pdftex.def)             Requested size: 142.26266pt x 85.35648pt.


(c:/texlive/2025/texmf-dist/tex/generic/pgfornament/vectorian/vectorian131.pgf) (c:/texlive/2025/texmf-dist/tex/generic/pgfornament/vectorian/vectorian131.pgf) (c:/texlive/2025/texmf-dist/tex/generic/pgfornament/vectorian/vectorian131.pgf) (c:/texlive/2025/texmf-dist/tex/generic/pgfornament/vectorian/vectorian131.pgf) (c:/texlive/2025/texmf-dist/tex/generic/pgfornament/vectorian/vectorian71.pgf) (c:/texlive/2025/texmf-dist/tex/generic/pgfornament/vectorian/vectorian71.pgf) (c:/texlive/2025/texmf-dist/tex/generic/pgfornament/vectorian/vectorian71.pgf) (c:/texlive/2025/texmf-dist/tex/generic/pgfornament/vectorian/vectorian71.pgf) (c:/texlive/2025/texmf-dist/tex/generic/pgfornament/vectorian/vectorian71.pgf) (c:/texlive/2025/texmf-dist/tex/generic/pgfornament/vectorian/vectorian71.pgf) (c:/texlive/2025/texmf-dist/tex/generic/pgfornament/vectorian/vectorian71.pgf) (c:/texlive/2025/texmf-dist/tex/generic/pgfornament/vectorian/vectorian71.pgf) (c:/texlive/2025/texmf-dist/tex/generic/pgfornament/vectorian/vectorian71.pgf) (c:/texlive/2025/texmf-dist/tex/generic/pgfornament/vectorian/vectorian71.pgf) (c:/texlive/2025/texmf-dist/tex/generic/pgfornament/vectorian/vectorian71.pgf) (c:/texlive/2025/texmf-dist/tex/generic/pgfornament/vectorian/vectorian71.pgf) (c:/texlive/2025/texmf-dist/tex/generic/pgfornament/vectorian/vectorian71.pgf) (c:/texlive/2025/texmf-dist/tex/generic/pgfornament/vectorian/vectorian71.pgf) (c:/texlive/2025/texmf-dist/tex/generic/pgfornament/vectorian/vectorian71.pgf) (c:/texlive/2025/texmf-dist/tex/generic/pgfornament/vectorian/vectorian71.pgf) (c:/texlive/2025/texmf-dist/tex/generic/pgfornament/vectorian/vectorian80.pgf) (c:/texlive/2025/texmf-dist/tex/generic/pgfornament/vectorian/vectorian80.pgf) (c:/texlive/2025/texmf-dist/tex/generic/pgfornament/vectorian/vectorian80.pgf) (c:/texlive/2025/texmf-dist/tex/generic/pgfornament/vectorian/vectorian80.pgf) (c:/texlive/2025/texmf-dist/tex/generic/pgfornament/vectorian/vectorian80.pgf) (c:/texlive/2025/texmf-dist/tex/generic/pgfornament/vectorian/vectorian80.pgf) (c:/texlive/2025/texmf-dist/tex/generic/pgfornament/vectorian/vectorian80.pgf) (c:/texlive/2025/texmf-dist/tex/generic/pgfornament/vectorian/vectorian80.pgf) (c:/texlive/2025/texmf-dist/tex/generic/pgfornament/vectorian/vectorian80.pgf) (c:/texlive/2025/texmf-dist/tex/generic/pgfornament/vectorian/vectorian80.pgf) (c:/texlive/2025/texmf-dist/tex/generic/pgfornament/vectorian/vectorian80.pgf) (c:/texlive/2025/texmf-dist/tex/generic/pgfornament/vectorian/vectorian80.pgf) (c:/texlive/2025/texmf-dist/tex/generic/pgfornament/vectorian/vectorian80.pgf) (c:/texlive/2025/texmf-dist/tex/generic/pgfornament/vectorian/vectorian80.pgf) (c:/texlive/2025/texmf-dist/tex/generic/pgfornament/vectorian/vectorian80.pgf) (c:/texlive/2025/texmf-dist/tex/generic/pgfornament/vectorian/vectorian80.pgf) (c:/texlive/2025/texmf-dist/tex/generic/pgfornament/vectorian/vectorian80.pgf) (c:/texlive/2025/texmf-dist/tex/generic/pgfornament/vectorian/vectorian80.pgf) (c:/texlive/2025/texmf-dist/tex/generic/pgfornament/vectorian/vectorian80.pgf) (c:/texlive/2025/texmf-dist/tex/generic/pgfornament/vectorian/vectorian80.pgf) (c:/texlive/2025/texmf-dist/tex/generic/pgfornament/vectorian/vectorian80.pgf) (c:/texlive/2025/texmf-dist/tex/generic/pgfornament/vectorian/vectorian80.pgf) [1



{c:/texlive/2025/texmf-var/fonts/map/pdftex/updmap/pdftex.map}{c:/texlive/2025/texmf-dist/fonts/enc/dvips/lm/lm-ec.enc} <./resource/image.png (PNG copy)>]) (./Notebook.toc
LaTeX Font Info:    Trying to load font information for OT1+lmr on input line 3.
 (c:/texlive/2025/texmf-dist/tex/latex/lm/ot1lmr.fd
File: ot1lmr.fd 2015/05/01 v1.6.1 Font defs for Latin Modern
)
LaTeX Font Info:    Trying to load font information for OML+lmm on input line 3.
 (c:/texlive/2025/texmf-dist/tex/latex/lm/omllmm.fd
File: omllmm.fd 2015/05/01 v1.6.1 Font defs for Latin Modern
)
LaTeX Font Info:    Trying to load font information for OMS+lmsy on input line 3.
 (c:/texlive/2025/texmf-dist/tex/latex/lm/omslmsy.fd
File: omslmsy.fd 2015/05/01 v1.6.1 Font defs for Latin Modern
)
LaTeX Font Info:    Trying to load font information for OMX+lmex on input line 3.
 (c:/texlive/2025/texmf-dist/tex/latex/lm/omxlmex.fd
File: omxlmex.fd 2015/05/01 v1.6.1 Font defs for Latin Modern
)
LaTeX Font Info:    External font `lmex10' loaded for size
(Font)              <10> on input line 3.
LaTeX Font Info:    External font `lmex10' loaded for size
(Font)              <7> on input line 3.
LaTeX Font Info:    External font `lmex10' loaded for size
(Font)              <5> on input line 3.
LaTeX Font Info:    Trying to load font information for U+msa on input line 3.
 (c:/texlive/2025/texmf-dist/tex/latex/amsfonts/umsa.fd
File: umsa.fd 2013/01/14 v3.01 AMS symbols A
)
LaTeX Font Info:    Trying to load font information for U+msb on input line 3.
 (c:/texlive/2025/texmf-dist/tex/latex/amsfonts/umsb.fd
File: umsb.fd 2013/01/14 v3.01 AMS symbols B
)


pdfTeX warning (ext4): destination with the same identifier (name{page.1}) has been already used, duplicate ignored
<to be read again> 
                   \relax 
l.42 ...-{Measure and Extension}}{43}{section.2.5}
                                                  % [1



{c:/texlive/2025/texmf-dist/fonts/enc/dvips/lm/lm-mathit.enc}]

[2])
\tf@toc=\write6
\openout6 = `Notebook.toc'.



[3]
\openout2 = `complex/w1.aux'.

 (./complex/w1.tex
Chapter 1.

LaTeX Font Warning: Font shape `T1/lmr/bx/sc' undefined
(Font)              using `T1/lmr/bx/n' instead on input line 1.

Package mdframed Info: mdframed detected package amsthm 
 changed the theorem header of amsthm
(mdframed)              on input line 10.
LaTeX Font Info:    Trying to load font information for TS1+lmr on input line 13.
(c:/texlive/2025/texmf-dist/tex/latex/lm/ts1lmr.fd
File: ts1lmr.fd 2015/05/01 v1.6.1 Font defs for Latin Modern
)
Package mdframed Info: mdframed detected package amsthm 
 changed the theorem header of amsthm
(mdframed)              on input line 19.
Package mdframed Info: mdframed detected package amsthm 
 changed the theorem header of amsthm
(mdframed)              on input line 21.
Package mdframed Info: mdframed detected package amsthm 
 changed the theorem header of amsthm
(mdframed)              on input line 26.
Package mdframed Info: mdframed detected package amsthm 
 changed the theorem header of amsthm
(mdframed)              on input line 33.
Package mdframed Info: mdframed detected package amsthm 
 changed the theorem header of amsthm
(mdframed)              on input line 38.


[4


{c:/texlive/2025/texmf-dist/fonts/enc/dvips/lm/lm-rm.enc}{c:/texlive/2025/texmf-dist/fonts/enc/dvips/lm/lm-mathsy.enc}{c:/texlive/2025/texmf-dist/fonts/enc/dvips/lm/lm-ts1.enc}]
Package mdframed Info: Not enough space on this page on input line 38.
Package mdframed Info: mdframed detected package amsthm 
 changed the theorem header of amsthm
(mdframed)              on input line 53.
Package mdframed Info: mdframed detected package amsthm 
 changed the theorem header of amsthm
(mdframed)              on input line 56.
Package mdframed Info: mdframed detected package amsthm 
 changed the theorem header of amsthm
(mdframed)              on input line 61.
Package mdframed Info: mdframed detected package amsthm 
 changed the theorem header of amsthm
(mdframed)              on input line 63.


Package mdframed Warning: You got a bad break
(mdframed)                because the last box will be empty
(mdframed)                you have to change it manually
(mdframed)                by changing the text, the space
(mdframed)                or something else on input line 63.

Package mdframed Info: You first box width is to small
 mdframed fixed it
(mdframed)              on input line 63.


[5]

Package mdframed Warning: You got a bad break
(mdframed)                because the last split box is empty
(mdframed)                You have to change the settings on input line 63.

Package mdframed Info: mdframed detected package amsthm 
 changed the theorem header of amsthm
(mdframed)              on input line 64.
Package mdframed Info: mdframed detected package amsthm 
 changed the theorem header of amsthm
(mdframed)              on input line 71.
Package mdframed Info: mdframed detected package amsthm 
 changed the theorem header of amsthm
(mdframed)              on input line 72.
Package mdframed Info: mdframed detected package amsthm 
 changed the theorem header of amsthm
(mdframed)              on input line 78.
Package mdframed Info: mdframed detected package amsthm 
 changed the theorem header of amsthm
(mdframed)              on input line 90.
Package mdframed Info: mdframed detected package amsthm 
 changed the theorem header of amsthm
(mdframed)              on input line 99.
Package mdframed Info: mdframed detected package amsthm 
 changed the theorem header of amsthm
(mdframed)              on input line 102.
Package mdframed Info: mdframed detected package amsthm 
 changed the theorem header of amsthm
(mdframed)              on input line 105.
Package mdframed Info: Not enough space on this page on input line 105.


[6{c:/texlive/2025/texmf-dist/fonts/enc/dvips/lm/lm-mathex.enc}]
Package mdframed Info: Not enough space on this page on input line 105.
Package mdframed Info: mdframed detected package amsthm 
 changed the theorem header of amsthm
(mdframed)              on input line 115.
Package mdframed Info: mdframed detected package amsthm 
 changed the theorem header of amsthm
(mdframed)              on input line 118.


[7]
Underfull \hbox (badness 10000) in paragraph at lines 151--169

 []


Underfull \hbox (badness 10000) in paragraph at lines 151--169

 []

Package mdframed Info: mdframed detected package amsthm 
 changed the theorem header of amsthm
(mdframed)              on input line 169.
Package mdframed Info: mdframed detected package amsthm 
 changed the theorem header of amsthm
(mdframed)              on input line 173.
Package mdframed Info: mdframed detected package amsthm 
 changed the theorem header of amsthm
(mdframed)              on input line 175.
Package mdframed Info: mdframed detected package amsthm 
 changed the theorem header of amsthm
(mdframed)              on input line 182.


[8]

LaTeX Warning: Command \textbackslash invalid in math mode on input line 203.

Package mdframed Info: mdframed detected package amsthm 
 changed the theorem header of amsthm
(mdframed)              on input line 205.
Package mdframed Info: mdframed detected package amsthm 
 changed the theorem header of amsthm
(mdframed)              on input line 207.
Package mdframed Info: mdframed detected package amsthm 
 changed the theorem header of amsthm
(mdframed)              on input line 216.
Package mdframed Info: mdframed detected package amsthm 
 changed the theorem header of amsthm
(mdframed)              on input line 219.


[9]
Package mdframed Info: mdframed detected package amsthm 
 changed the theorem header of amsthm
(mdframed)              on input line 250.
Package mdframed Info: mdframed detected package amsthm 
 changed the theorem header of amsthm
(mdframed)              on input line 252.



Overfull \hbox (0.66005pt too wide) has occurred while \output is active
\T1/lmr/m/sl/10 1.4.  LECTURE 3 (02-10) -- ALGEBRAIC STRUCTURE OF COMPLEX NUMBERS \T1/lmr/m/n/10 10
 []

[10]
Package mdframed Info: mdframed detected package amsthm 
 changed the theorem header of amsthm
(mdframed)              on input line 270.
Package mdframed Info: mdframed detected package amsthm 
 changed the theorem header of amsthm
(mdframed)              on input line 279.



Overfull \hbox (0.66005pt too wide) has occurred while \output is active
\T1/lmr/m/sl/10 1.4.  LECTURE 3 (02-10) -- ALGEBRAIC STRUCTURE OF COMPLEX NUMBERS \T1/lmr/m/n/10 11
 []

[11]
Package mdframed Info: mdframed detected package amsthm 
 changed the theorem header of amsthm
(mdframed)              on input line 295.
Package mdframed Info: mdframed detected package amsthm 
 changed the theorem header of amsthm
(mdframed)              on input line 297.
Package mdframed Info: mdframed detected package amsthm 
 changed the theorem header of amsthm
(mdframed)              on input line 310.
Package mdframed Info: mdframed detected package amsthm 
 changed the theorem header of amsthm
(mdframed)              on input line 312.
Package mdframed Info: mdframed detected package amsthm 
 changed the theorem header of amsthm
(mdframed)              on input line 326.
Package mdframed Info: mdframed detected package amsthm 
 changed the theorem header of amsthm
(mdframed)              on input line 328.
Package mdframed Info: Not enough space on this page on input line 328.


[12]
Package mdframed Info: Not enough space on this page on input line 328.
Package mdframed Info: mdframed detected package amsthm 
 changed the theorem header of amsthm
(mdframed)              on input line 347.
Package mdframed Info: mdframed detected package amsthm 
 changed the theorem header of amsthm
(mdframed)              on input line 352.
Package mdframed Info: mdframed detected package amsthm 
 changed the theorem header of amsthm
(mdframed)              on input line 371.
Package mdframed Info: mdframed detected package amsthm 
 changed the theorem header of amsthm
(mdframed)              on input line 377.


[13]
Package mdframed Info: mdframed detected package amsthm 
 changed the theorem header of amsthm
(mdframed)              on input line 403.
Package mdframed Info: mdframed detected package amsthm 
 changed the theorem header of amsthm
(mdframed)              on input line 407.
Package mdframed Info: Not enough space on this page on input line 407.


[14]
Package mdframed Info: Not enough space on this page on input line 407.
Package mdframed Info: mdframed detected package amsthm 
 changed the theorem header of amsthm
(mdframed)              on input line 443.
Package mdframed Info: mdframed detected package amsthm 
 changed the theorem header of amsthm
(mdframed)              on input line 445.


[15]
Package mdframed Info: Not enough space on this page on input line 445.
Package mdframed Info: mdframed detected package amsthm 
 changed the theorem header of amsthm
(mdframed)              on input line 467.
Package mdframed Info: mdframed detected package amsthm 
 changed the theorem header of amsthm
(mdframed)              on input line 471.



Overfull \hbox (57.7427pt too wide) has occurred while \output is active
\T1/lmr/m/sl/10 1.7.  LECTURE 5 (02-17) -- THE GEOMETRIC REPRESENTATION OF COMPLEX NUMBERS \T1/lmr/m/n/10 16
 []

[16]
Package mdframed Info: mdframed detected package amsthm 
 changed the theorem header of amsthm
(mdframed)              on input line 482.
Package mdframed Info: mdframed detected package amsthm 
 changed the theorem header of amsthm
(mdframed)              on input line 487.
Package mdframed Info: mdframed detected package amsthm 
 changed the theorem header of amsthm
(mdframed)              on input line 488.
Package mdframed Info: mdframed detected package amsthm 
 changed the theorem header of amsthm
(mdframed)              on input line 491.



Overfull \hbox (57.7427pt too wide) has occurred while \output is active
\T1/lmr/m/sl/10 1.7.  LECTURE 5 (02-17) -- THE GEOMETRIC REPRESENTATION OF COMPLEX NUMBERS \T1/lmr/m/n/10 17
 []

[17]
Package mdframed Info: mdframed detected package amsthm 
 changed the theorem header of amsthm
(mdframed)              on input line 519.
Package mdframed Info: mdframed detected package amsthm 
 changed the theorem header of amsthm
(mdframed)              on input line 523.
Package mdframed Info: mdframed detected package amsthm 
 changed the theorem header of amsthm
(mdframed)              on input line 537.
Package mdframed Info: mdframed detected package amsthm 
 changed the theorem header of amsthm
(mdframed)              on input line 544.



Overfull \hbox (57.7427pt too wide) has occurred while \output is active
\T1/lmr/m/sl/10 1.7.  LECTURE 5 (02-17) -- THE GEOMETRIC REPRESENTATION OF COMPLEX NUMBERS \T1/lmr/m/n/10 18
 []

[18]
Package mdframed Info: mdframed detected package amsthm 
 changed the theorem header of amsthm
(mdframed)              on input line 551.
Package mdframed Info: mdframed detected package amsthm 
 changed the theorem header of amsthm
(mdframed)              on input line 553.
Package mdframed Info: mdframed detected package amsthm 
 changed the theorem header of amsthm
(mdframed)              on input line 559.
Package mdframed Info: mdframed detected package amsthm 
 changed the theorem header of amsthm
(mdframed)              on input line 565.


[19]
Package mdframed Info: mdframed detected package amsthm 
 changed the theorem header of amsthm
(mdframed)              on input line 609.
Package mdframed Info: mdframed detected package amsthm 
 changed the theorem header of amsthm
(mdframed)              on input line 611.
Package mdframed Info: mdframed detected package amsthm 
 changed the theorem header of amsthm
(mdframed)              on input line 612.
Package mdframed Info: mdframed detected package amsthm 
 changed the theorem header of amsthm
(mdframed)              on input line 619.


[20]
Package mdframed Info: mdframed detected package amsthm 
 changed the theorem header of amsthm
(mdframed)              on input line 625.
Package mdframed Info: mdframed detected package amsthm 
 changed the theorem header of amsthm
(mdframed)              on input line 630.
Package mdframed Info: mdframed detected package amsthm 
 changed the theorem header of amsthm
(mdframed)              on input line 657.
Package mdframed Info: mdframed detected package amsthm 
 changed the theorem header of amsthm
(mdframed)              on input line 661.
Package mdframed Info: Box was splittet wrong
 starting loop to iterate the splitting point
(mdframed)              on input line 661.


[21]
Package mdframed Info: mdframed detected package amsthm 
 changed the theorem header of amsthm
(mdframed)              on input line 679.
Package mdframed Info: mdframed detected package amsthm 
 changed the theorem header of amsthm
(mdframed)              on input line 682.
Package mdframed Info: mdframed detected package amsthm 
 changed the theorem header of amsthm
(mdframed)              on input line 689.
Package mdframed Info: mdframed detected package amsthm 
 changed the theorem header of amsthm
(mdframed)              on input line 692.


[22]
Package mdframed Info: mdframed detected package amsthm 
 changed the theorem header of amsthm
(mdframed)              on input line 712.
Package mdframed Info: mdframed detected package amsthm 
 changed the theorem header of amsthm
(mdframed)              on input line 720.
Package mdframed Info: mdframed detected package amsthm 
 changed the theorem header of amsthm
(mdframed)              on input line 733.
Package mdframed Info: mdframed detected package amsthm 
 changed the theorem header of amsthm
(mdframed)              on input line 736.


Package mdframed Warning: You got a bad break
(mdframed)                because the last box will be empty
(mdframed)                you have to change it manually
(mdframed)                by changing the text, the space
(mdframed)                or something else on input line 736.

Package mdframed Info: You first box width is to small
 mdframed fixed it
(mdframed)              on input line 736.


[23]

Package mdframed Warning: You got a bad break
(mdframed)                because the last split box is empty
(mdframed)                You have to change the settings on input line 736.

Package mdframed Info: mdframed detected package amsthm 
 changed the theorem header of amsthm
(mdframed)              on input line 737.
Package mdframed Info: mdframed detected package amsthm 
 changed the theorem header of amsthm
(mdframed)              on input line 739.

Underfull \hbox (badness 10000) in paragraph at lines 762--766

 []



[24]
Package mdframed Info: mdframed detected package amsthm 
 changed the theorem header of amsthm
(mdframed)              on input line 774.
Package mdframed Info: mdframed detected package amsthm 
 changed the theorem header of amsthm
(mdframed)              on input line 780.
Package mdframed Info: mdframed detected package amsthm 
 changed the theorem header of amsthm
(mdframed)              on input line 794.
Package mdframed Info: mdframed detected package amsthm 
 changed the theorem header of amsthm
(mdframed)              on input line 796.
Package mdframed Info: mdframed detected package amsthm 
 changed the theorem header of amsthm
(mdframed)              on input line 797.
Package mdframed Info: mdframed detected package amsthm 
 changed the theorem header of amsthm
(mdframed)              on input line 803.


[25]
Underfull \hbox (badness 10000) in paragraph at lines 807--810

 []

Package mdframed Info: mdframed detected package amsthm 
 changed the theorem header of amsthm
(mdframed)              on input line 811.
Package mdframed Info: mdframed detected package amsthm 
 changed the theorem header of amsthm
(mdframed)              on input line 813.
Package mdframed Info: mdframed detected package amsthm 
 changed the theorem header of amsthm
(mdframed)              on input line 814.
Package mdframed Info: mdframed detected package amsthm 
 changed the theorem header of amsthm
(mdframed)              on input line 816.


[26]
Package mdframed Info: mdframed detected package amsthm 
 changed the theorem header of amsthm
(mdframed)              on input line 841.
Package mdframed Info: mdframed detected package amsthm 
 changed the theorem header of amsthm
(mdframed)              on input line 843.
Package mdframed Info: mdframed detected package amsthm 
 changed the theorem header of amsthm
(mdframed)              on input line 850.
Package mdframed Info: mdframed detected package amsthm 
 changed the theorem header of amsthm
(mdframed)              on input line 859.


[27]
Package mdframed Info: mdframed detected package amsthm 
 changed the theorem header of amsthm
(mdframed)              on input line 877.
Package mdframed Info: mdframed detected package amsthm 
 changed the theorem header of amsthm
(mdframed)              on input line 881.
Package mdframed Info: mdframed detected package amsthm 
 changed the theorem header of amsthm
(mdframed)              on input line 892.
Package mdframed Info: mdframed detected package amsthm 
 changed the theorem header of amsthm
(mdframed)              on input line 896.
Package mdframed Info: mdframed detected package amsthm 
 changed the theorem header of amsthm
(mdframed)              on input line 897.
Package mdframed Info: mdframed detected package amsthm 
 changed the theorem header of amsthm
(mdframed)              on input line 901.
Package mdframed Info: mdframed detected package amsthm 
 changed the theorem header of amsthm
(mdframed)              on input line 906.
Package mdframed Info: mdframed detected package amsthm 
 changed the theorem header of amsthm
(mdframed)              on input line 910.
Package mdframed Info: Not enough space on this page on input line 910.



Overfull \hbox (80.59222pt too wide) has occurred while \output is active
\T1/lmr/m/sl/10 1.13.  LECTURE 11 (03-12)--EXPONENTIAL, TRIGONOMETRIC FUNCTIONS AND LOGARITHM \T1/lmr/m/n/10 28
 []

[28]
Package mdframed Info: Not enough space on this page on input line 910.
Package mdframed Info: mdframed detected package amsthm 
 changed the theorem header of amsthm
(mdframed)              on input line 936.
Package mdframed Info: mdframed detected package amsthm 
 changed the theorem header of amsthm
(mdframed)              on input line 940.


Package mdframed Warning: You got a bad break
(mdframed)                because the last box will be empty
(mdframed)                you have to change it manually
(mdframed)                by changing the text, the space
(mdframed)                or something else on input line 940.

Package mdframed Info: You first box width is to small
 mdframed fixed it
(mdframed)              on input line 940.


[29]

Package mdframed Warning: You got a bad break
(mdframed)                because the last split box is empty
(mdframed)                You have to change the settings on input line 940.

Package mdframed Info: mdframed detected package amsthm 
 changed the theorem header of amsthm
(mdframed)              on input line 947.
Package mdframed Info: mdframed detected package amsthm 
 changed the theorem header of amsthm
(mdframed)              on input line 950.

Overfull \hbox (15.1762pt too wide) in paragraph at lines 951--956
\T1/lmr/m/n/10 A Jor-dan curve is closed, con-tin-u-ous, 1-1 map-ping from [$\OML/lmm/m/it/10 ; ^^L$\T1/lmr/m/n/10 ] with $\OML/lmm/m/it/10 []^^L[]C$ 
 []

Package mdframed Info: mdframed detected package amsthm 
 changed the theorem header of amsthm
(mdframed)              on input line 956.
Package mdframed Info: mdframed detected package amsthm 
 changed the theorem header of amsthm
(mdframed)              on input line 960.
Package mdframed Info: mdframed detected package amsthm 
 changed the theorem header of amsthm
(mdframed)              on input line 968.
Package mdframed Info: mdframed detected package amsthm 
 changed the theorem header of amsthm
(mdframed)              on input line 973.
Package mdframed Info: Not enough space on this page on input line 973.


[30]
Package mdframed Info: Not enough space on this page on input line 973.
Package mdframed Info: mdframed detected package amsthm 
 changed the theorem header of amsthm
(mdframed)              on input line 983.
Package mdframed Info: mdframed detected package amsthm 
 changed the theorem header of amsthm
(mdframed)              on input line 987.
Package mdframed Info: mdframed detected package amsthm 
 changed the theorem header of amsthm
(mdframed)              on input line 998.
Package mdframed Info: mdframed detected package amsthm 
 changed the theorem header of amsthm
(mdframed)              on input line 1000.
)

[31]
\openout2 = `htop/w1.aux'.

 (./htop/w1.tex
Chapter 2.
Package mdframed Info: mdframed detected package amsthm 
 changed the theorem header of amsthm
(mdframed)              on input line 12.
Package mdframed Info: mdframed detected package amsthm 
 changed the theorem header of amsthm
(mdframed)              on input line 23.


[32




]
Package mdframed Info: mdframed detected package amsthm 
 changed the theorem header of amsthm
(mdframed)              on input line 41.
Package mdframed Info: mdframed detected package amsthm 
 changed the theorem header of amsthm
(mdframed)              on input line 62.
Package mdframed Info: mdframed detected package amsthm 
 changed the theorem header of amsthm
(mdframed)              on input line 63.
Package mdframed Info: mdframed detected package amsthm 
 changed the theorem header of amsthm
(mdframed)              on input line 80.


[33]
LaTeX Font Info:    External font `lmex10' loaded for size
(Font)              <12> on input line 84.
LaTeX Font Info:    External font `lmex10' loaded for size
(Font)              <8> on input line 84.
LaTeX Font Info:    External font `lmex10' loaded for size
(Font)              <6> on input line 84.


Package hyperref Warning: Token not allowed in a PDF string (Unicode):
(hyperref)                removing `math shift' on input line 84.


Package hyperref Warning: Token not allowed in a PDF string (Unicode):
(hyperref)                removing `\sigma' on input line 84.


Package hyperref Warning: Token not allowed in a PDF string (Unicode):
(hyperref)                removing `math shift' on input line 84.

Package mdframed Info: mdframed detected package amsthm 
 changed the theorem header of amsthm
(mdframed)              on input line 86.
Package mdframed Info: mdframed detected package amsthm 
 changed the theorem header of amsthm
(mdframed)              on input line 93.
Package mdframed Info: mdframed detected package amsthm 
 changed the theorem header of amsthm
(mdframed)              on input line 94.
Package mdframed Info: mdframed detected package amsthm 
 changed the theorem header of amsthm
(mdframed)              on input line 97.


[34]
Package mdframed Info: mdframed detected package amsthm 
 changed the theorem header of amsthm
(mdframed)              on input line 157.
Package mdframed Info: mdframed detected package amsthm 
 changed the theorem header of amsthm
(mdframed)              on input line 160.


Package mdframed Warning: You got a bad break
(mdframed)                because the last box will be empty
(mdframed)                you have to change it manually
(mdframed)                by changing the text, the space
(mdframed)                or something else on input line 160.

Package mdframed Info: You first box width is to small
 mdframed fixed it
(mdframed)              on input line 160.


[35]

Package mdframed Warning: You got a bad break
(mdframed)                because the last split box is empty
(mdframed)                You have to change the settings on input line 160.

Package mdframed Info: mdframed detected package amsthm 
 changed the theorem header of amsthm
(mdframed)              on input line 162.
Package mdframed Info: mdframed detected package amsthm 
 changed the theorem header of amsthm
(mdframed)              on input line 169.
Package mdframed Info: mdframed detected package amsthm 
 changed the theorem header of amsthm
(mdframed)              on input line 170.
Package mdframed Info: mdframed detected package amsthm 
 changed the theorem header of amsthm
(mdframed)              on input line 173.
Package mdframed Info: mdframed detected package amsthm 
 changed the theorem header of amsthm
(mdframed)              on input line 174.

Underfull \hbox (badness 10000) in paragraph at lines 178--185

 []


Underfull \hbox (badness 10000) in paragraph at lines 178--185

 []

Package mdframed Info: mdframed detected package amsthm 
 changed the theorem header of amsthm
(mdframed)              on input line 190.
Package mdframed Info: mdframed detected package amsthm 
 changed the theorem header of amsthm
(mdframed)              on input line 191.
Package mdframed Info: mdframed detected package amsthm 
 changed the theorem header of amsthm
(mdframed)              on input line 206.
Package mdframed Info: Box was splittet wrong
 starting loop to iterate the splitting point
(mdframed)              on input line 206.


[36]
Package mdframed Info: mdframed detected package amsthm 
 changed the theorem header of amsthm
(mdframed)              on input line 210.
Package mdframed Info: mdframed detected package amsthm 
 changed the theorem header of amsthm
(mdframed)              on input line 216.
Package mdframed Info: mdframed detected package amsthm 
 changed the theorem header of amsthm
(mdframed)              on input line 217.
Package mdframed Info: mdframed detected package amsthm 
 changed the theorem header of amsthm
(mdframed)              on input line 220.
Package mdframed Info: mdframed detected package amsthm 
 changed the theorem header of amsthm
(mdframed)              on input line 221.
Package mdframed Info: mdframed detected package amsthm 
 changed the theorem header of amsthm
(mdframed)              on input line 225.
Package mdframed Info: mdframed detected package amsthm 
 changed the theorem header of amsthm
(mdframed)              on input line 227.
Package mdframed Info: mdframed detected package amsthm 
 changed the theorem header of amsthm
(mdframed)              on input line 238.
Package mdframed Info: mdframed detected package amsthm 
 changed the theorem header of amsthm
(mdframed)              on input line 239.
Package mdframed Info: mdframed detected package amsthm 
 changed the theorem header of amsthm
(mdframed)              on input line 245.


[37]
Package mdframed Info: Not enough space on this page on input line 245.
Package mdframed Info: mdframed detected package amsthm 
 changed the theorem header of amsthm
(mdframed)              on input line 255.
Package mdframed Info: mdframed detected package amsthm 
 changed the theorem header of amsthm
(mdframed)              on input line 263.


[38]
Package mdframed Info: mdframed detected package amsthm 
 changed the theorem header of amsthm
(mdframed)              on input line 307.
Package mdframed Info: mdframed detected package amsthm 
 changed the theorem header of amsthm
(mdframed)              on input line 315.


[39]
Package mdframed Info: mdframed detected package amsthm 
 changed the theorem header of amsthm
(mdframed)              on input line 350.
Package mdframed Info: mdframed detected package amsthm 
 changed the theorem header of amsthm
(mdframed)              on input line 369.
Package mdframed Info: mdframed detected package amsthm 
 changed the theorem header of amsthm
(mdframed)              on input line 370.
Package mdframed Info: mdframed detected package amsthm 
 changed the theorem header of amsthm
(mdframed)              on input line 373.
Package mdframed Info: Not enough space on this page on input line 373.


[40]
Package mdframed Info: Not enough space on this page on input line 373.
Package mdframed Info: mdframed detected package amsthm 
 changed the theorem header of amsthm
(mdframed)              on input line 375.
Package mdframed Info: mdframed detected package amsthm 
 changed the theorem header of amsthm
(mdframed)              on input line 381.
Package mdframed Info: mdframed detected package amsthm 
 changed the theorem header of amsthm
(mdframed)              on input line 382.

Overfull \hbox (1.1227pt too wide) in paragraph at lines 389--390
[]\T1/lmr/m/n/10 if $\OML/lmm/m/it/10 A[]; A[]; [] \OMS/lmsy/m/n/10 2 A$ \T1/lmr/m/n/10 , $\OML/lmm/m/it/10 A[] \OMS/lmsy/m/n/10 \ \OML/lmm/m/it/10 A[] \OT1/lmr/m/n/10 = \OMS/lmsy/m/n/10 ;[] [][] 2 \OML/lmm/m/it/10 A$ \T1/lmr/m/n/10 then $\OML/lmm/m/it/10 ^^V\OT1/lmr/m/n/10 ([][] \OML/lmm/m/it/10 A[]\OT1/lmr/m/n/10 ) \OMS/lmsy/m/n/10 ^^U [][] \OML/lmm/m/it/10 ^^V\OT1/lmr/m/n/10 (\OML/lmm/m/it/10 A[]\OT1/lmr/m/n/10 )$ 
 []

Package mdframed Info: mdframed detected package amsthm 
 changed the theorem header of amsthm
(mdframed)              on input line 391.


[41]
Package mdframed Info: mdframed detected package amsthm 
 changed the theorem header of amsthm
(mdframed)              on input line 409.
Package mdframed Info: mdframed detected package amsthm 
 changed the theorem header of amsthm
(mdframed)              on input line 413.

Underfull \hbox (badness 10000) in paragraph at lines 416--417

 []



[42]
Package mdframed Info: mdframed detected package amsthm 
 changed the theorem header of amsthm
(mdframed)              on input line 454.
Package mdframed Info: mdframed detected package amsthm 
 changed the theorem header of amsthm
(mdframed)              on input line 458.
Package mdframed Info: Not enough space on this page on input line 458.
Package mdframed Info: mdframed detected package amsthm 
 changed the theorem header of amsthm
(mdframed)              on input line 459.
Package mdframed Info: mdframed detected package amsthm 
 changed the theorem header of amsthm
(mdframed)              on input line 461.
Package mdframed Info: mdframed detected package amsthm 
 changed the theorem header of amsthm
(mdframed)              on input line 462.
Package mdframed Info: mdframed detected package amsthm 
 changed the theorem header of amsthm
(mdframed)              on input line 464.


[43]
Package mdframed Info: mdframed detected package amsthm 
 changed the theorem header of amsthm
(mdframed)              on input line 492.

Underfull \hbox (badness 10000) in paragraph at lines 493--494

 []

Package mdframed Info: mdframed detected package amsthm 
 changed the theorem header of amsthm
(mdframed)              on input line 502.
Package mdframed Info: mdframed detected package amsthm 
 changed the theorem header of amsthm
(mdframed)              on input line 503.
Package mdframed Info: mdframed detected package amsthm 
 changed the theorem header of amsthm
(mdframed)              on input line 508.
Package mdframed Info: mdframed detected package amsthm 
 changed the theorem header of amsthm
(mdframed)              on input line 509.
Package mdframed Info: mdframed detected package amsthm 
 changed the theorem header of amsthm
(mdframed)              on input line 512.
Package mdframed Info: mdframed detected package amsthm 
 changed the theorem header of amsthm
(mdframed)              on input line 513.
Package mdframed Info: mdframed detected package amsthm 
 changed the theorem header of amsthm
(mdframed)              on input line 520.


[44]
Package mdframed Info: mdframed detected package amsthm 
 changed the theorem header of amsthm
(mdframed)              on input line 540.
Package mdframed Info: mdframed detected package amsthm 
 changed the theorem header of amsthm
(mdframed)              on input line 543.
Package mdframed Info: mdframed detected package amsthm 
 changed the theorem header of amsthm
(mdframed)              on input line 544.
Package mdframed Info: mdframed detected package amsthm 
 changed the theorem header of amsthm
(mdframed)              on input line 546.


Package mdframed Warning: You got a bad break
(mdframed)                because the last box will be empty
(mdframed)                you have to change it manually
(mdframed)                by changing the text, the space
(mdframed)                or something else on input line 546.

Package mdframed Info: You first box width is to small
 mdframed fixed it
(mdframed)              on input line 546.


[45]

Package mdframed Warning: You got a bad break
(mdframed)                because the last split box is empty
(mdframed)                You have to change the settings on input line 546.

Package mdframed Info: mdframed detected package amsthm 
 changed the theorem header of amsthm
(mdframed)              on input line 547.
Package mdframed Info: mdframed detected package amsthm 
 changed the theorem header of amsthm
(mdframed)              on input line 549.
Package mdframed Info: mdframed detected package amsthm 
 changed the theorem header of amsthm
(mdframed)              on input line 550.
Package mdframed Info: mdframed detected package amsthm 
 changed the theorem header of amsthm
(mdframed)              on input line 555.
Package mdframed Info: mdframed detected package amsthm 
 changed the theorem header of amsthm
(mdframed)              on input line 559.
Package mdframed Info: mdframed detected package amsthm 
 changed the theorem header of amsthm
(mdframed)              on input line 562.
Package mdframed Info: mdframed detected package amsthm 
 changed the theorem header of amsthm
(mdframed)              on input line 563.
Package mdframed Info: mdframed detected package amsthm 
 changed the theorem header of amsthm
(mdframed)              on input line 573.
Package mdframed Info: mdframed detected package amsthm 
 changed the theorem header of amsthm
(mdframed)              on input line 574.
Package mdframed Info: mdframed detected package amsthm 
 changed the theorem header of amsthm
(mdframed)              on input line 576.

Package hyperref Warning: Token not allowed in a PDF string (Unicode):
(hyperref)                removing `math shift' on input line 577.


Package hyperref Warning: Token not allowed in a PDF string (Unicode):
(hyperref)                removing `\pi' on input line 577.


Package hyperref Warning: Token not allowed in a PDF string (Unicode):
(hyperref)                removing `math shift' on input line 577.


Package hyperref Warning: Token not allowed in a PDF string (Unicode):
(hyperref)                removing `math shift' on input line 577.


Package hyperref Warning: Token not allowed in a PDF string (Unicode):
(hyperref)                removing `\lambda' on input line 577.


Package hyperref Warning: Token not allowed in a PDF string (Unicode):
(hyperref)                removing `math shift' on input line 577.

Package mdframed Info: mdframed detected package amsthm 
 changed the theorem header of amsthm
(mdframed)              on input line 578.
Package mdframed Info: mdframed detected package amsthm 
 changed the theorem header of amsthm
(mdframed)              on input line 591.


[46]
Package mdframed Info: mdframed detected package amsthm 
 changed the theorem header of amsthm
(mdframed)              on input line 592.
Package mdframed Info: mdframed detected package amsthm 
 changed the theorem header of amsthm
(mdframed)              on input line 597.
Package mdframed Info: mdframed detected package amsthm 
 changed the theorem header of amsthm
(mdframed)              on input line 600.
Package mdframed Info: mdframed detected package amsthm 
 changed the theorem header of amsthm
(mdframed)              on input line 603.
Package mdframed Info: mdframed detected package amsthm 
 changed the theorem header of amsthm
(mdframed)              on input line 604.
Package mdframed Info: mdframed detected package amsthm 
 changed the theorem header of amsthm
(mdframed)              on input line 607.

Underfull \hbox (badness 10000) in paragraph at lines 620--621

 []



[47]
Package mdframed Info: mdframed detected package amsthm 
 changed the theorem header of amsthm
(mdframed)              on input line 626.
Package mdframed Info: mdframed detected package amsthm 
 changed the theorem header of amsthm
(mdframed)              on input line 628.


[48]
Package mdframed Info: mdframed detected package amsthm 
 changed the theorem header of amsthm
(mdframed)              on input line 699.
Package mdframed Info: mdframed detected package amsthm 
 changed the theorem header of amsthm
(mdframed)              on input line 701.
Package mdframed Info: mdframed detected package amsthm 
 changed the theorem header of amsthm
(mdframed)              on input line 702.
Package mdframed Info: mdframed detected package amsthm 
 changed the theorem header of amsthm
(mdframed)              on input line 709.
Package mdframed Info: mdframed detected package amsthm 
 changed the theorem header of amsthm
(mdframed)              on input line 710.
Package mdframed Info: mdframed detected package amsthm 
 changed the theorem header of amsthm
(mdframed)              on input line 721.


[49]

[50]
Underfull \hbox (badness 10000) in paragraph at lines 752--757

 []

Package mdframed Info: mdframed detected package amsthm 
 changed the theorem header of amsthm
(mdframed)              on input line 763.

Overfull \hbox (57.34863pt too wide) detected at line 775
[]
 []

Package mdframed Info: mdframed detected package amsthm 
 changed the theorem header of amsthm
(mdframed)              on input line 776.


[51]
Package mdframed Info: mdframed detected package amsthm 
 changed the theorem header of amsthm
(mdframed)              on input line 796.
Package mdframed Info: mdframed detected package amsthm 
 changed the theorem header of amsthm
(mdframed)              on input line 798.
Package mdframed Info: mdframed detected package amsthm 
 changed the theorem header of amsthm
(mdframed)              on input line 799.
Package mdframed Info: mdframed detected package amsthm 
 changed the theorem header of amsthm
(mdframed)              on input line 820.


[52]
Package mdframed Info: mdframed detected package amsthm 
 changed the theorem header of amsthm
(mdframed)              on input line 822.
Package mdframed Info: mdframed detected package amsthm 
 changed the theorem header of amsthm
(mdframed)              on input line 829.
Package mdframed Info: mdframed detected package amsthm 
 changed the theorem header of amsthm
(mdframed)              on input line 834.
Package mdframed Info: mdframed detected package amsthm 
 changed the theorem header of amsthm
(mdframed)              on input line 840.
Package mdframed Info: mdframed detected package amsthm 
 changed the theorem header of amsthm
(mdframed)              on input line 846.

Underfull \hbox (badness 10000) in paragraph at lines 852--853

 []


Overfull \hbox (105.94568pt too wide) detected at line 864
[]
 []

Package mdframed Info: mdframed detected package amsthm 
 changed the theorem header of amsthm
(mdframed)              on input line 883.
Package mdframed Info: Box was splittet wrong
 starting loop to iterate the splitting point
(mdframed)              on input line 883.
Package mdframed Info: You first box width is to small
 mdframed fixed it
(mdframed)              on input line 883.


[53]
Package mdframed Info: mdframed detected package amsthm 
 changed the theorem header of amsthm
(mdframed)              on input line 885.
Package mdframed Info: mdframed detected package amsthm 
 changed the theorem header of amsthm
(mdframed)              on input line 893.
Package mdframed Info: mdframed detected package amsthm 
 changed the theorem header of amsthm
(mdframed)              on input line 894.
Package mdframed Info: mdframed detected package amsthm 
 changed the theorem header of amsthm
(mdframed)              on input line 900.
Package mdframed Info: mdframed detected package amsthm 
 changed the theorem header of amsthm
(mdframed)              on input line 901.

Overfull \hbox (50.23885pt too wide) detected at line 908
[]
 []

Package mdframed Info: mdframed detected package amsthm 
 changed the theorem header of amsthm
(mdframed)              on input line 909.
Package mdframed Info: You first box width is to small
 mdframed fixed it
(mdframed)              on input line 909.


[54]
Package mdframed Info: mdframed detected package amsthm 
 changed the theorem header of amsthm
(mdframed)              on input line 910.

Overfull \hbox (77.38937pt too wide) detected at line 920
[]
 []


Overfull \hbox (20.39148pt too wide) in paragraph at lines 920--928
\OMS/lmsy/m/n/10 ) \OML/lmm/m/it/10 P\OT1/lmr/m/n/10 [[]] = [][] []\OML/lmm/m/it/10 p[]\OT1/lmr/m/n/10 (1 \OMS/lmsy/m/n/10 ^^@ \OML/lmm/m/it/10 p\OT1/lmr/m/n/10 )[]$
 []


Underfull \hbox (badness 10000) in paragraph at lines 920--928

 []

Package mdframed Info: mdframed detected package amsthm 
 changed the theorem header of amsthm
(mdframed)              on input line 928.
Package mdframed Info: mdframed detected package amsthm 
 changed the theorem header of amsthm
(mdframed)              on input line 929.
Package mdframed Info: mdframed detected package amsthm 
 changed the theorem header of amsthm
(mdframed)              on input line 932.
Package mdframed Info: mdframed detected package amsthm 
 changed the theorem header of amsthm
(mdframed)              on input line 933.

Overfull \hbox (2.78487pt too wide) in paragraph at lines 934--939
\OML/lmm/m/it/10 P[]\OT1/lmr/m/n/10 [[]] =$ \T1/lmr/m/n/10 win times=N-i+lose times, Method2: $\OML/lmm/m/it/10 p[] \OT1/lmr/m/n/10 = \OML/lmm/m/it/10 pp[] \OT1/lmr/m/n/10 +
 []

Package mdframed Info: mdframed detected package amsthm 
 changed the theorem header of amsthm
(mdframed)              on input line 945.


[55]
Package mdframed Info: mdframed detected package amsthm 
 changed the theorem header of amsthm
(mdframed)              on input line 951.
Package mdframed Info: mdframed detected package amsthm 
 changed the theorem header of amsthm
(mdframed)              on input line 963.
Package mdframed Info: mdframed detected package amsthm 
 changed the theorem header of amsthm
(mdframed)              on input line 965.
Package mdframed Info: mdframed detected package amsthm 
 changed the theorem header of amsthm
(mdframed)              on input line 968.


[56]
Package mdframed Info: mdframed detected package amsthm 
 changed the theorem header of amsthm
(mdframed)              on input line 985.
Package mdframed Info: mdframed detected package amsthm 
 changed the theorem header of amsthm
(mdframed)              on input line 993.
Package mdframed Info: mdframed detected package amsthm 
 changed the theorem header of amsthm
(mdframed)              on input line 994.
Package mdframed Info: mdframed detected package amsthm 
 changed the theorem header of amsthm
(mdframed)              on input line 1004.
Package mdframed Info: mdframed detected package amsthm 
 changed the theorem header of amsthm
(mdframed)              on input line 1007.
Package mdframed Info: mdframed detected package amsthm 
 changed the theorem header of amsthm
(mdframed)              on input line 1021.


[57]
Package mdframed Info: mdframed detected package amsthm 
 changed the theorem header of amsthm
(mdframed)              on input line 1023.
Package mdframed Info: mdframed detected package amsthm 
 changed the theorem header of amsthm
(mdframed)              on input line 1027.
Package mdframed Info: mdframed detected package amsthm 
 changed the theorem header of amsthm
(mdframed)              on input line 1034.
Package mdframed Info: mdframed detected package amsthm 
 changed the theorem header of amsthm
(mdframed)              on input line 1041.
Package mdframed Info: mdframed detected package amsthm 
 changed the theorem header of amsthm
(mdframed)              on input line 1052.
Package mdframed Info: mdframed detected package amsthm 
 changed the theorem header of amsthm
(mdframed)              on input line 1054.
Package mdframed Info: mdframed detected package amsthm 
 changed the theorem header of amsthm
(mdframed)              on input line 1055.
Package mdframed Info: mdframed detected package amsthm 
 changed the theorem header of amsthm
(mdframed)              on input line 1062.


[58]
Package mdframed Info: mdframed detected package amsthm 
 changed the theorem header of amsthm
(mdframed)              on input line 1070.
Package mdframed Info: mdframed detected package amsthm 
 changed the theorem header of amsthm
(mdframed)              on input line 1077.
Package mdframed Info: mdframed detected package amsthm 
 changed the theorem header of amsthm
(mdframed)              on input line 1089.
Package mdframed Info: mdframed detected package amsthm 
 changed the theorem header of amsthm
(mdframed)              on input line 1095.


[59]
Package mdframed Info: mdframed detected package amsthm 
 changed the theorem header of amsthm
(mdframed)              on input line 1113.
Package mdframed Info: mdframed detected package amsthm 
 changed the theorem header of amsthm
(mdframed)              on input line 1119.
Package mdframed Info: mdframed detected package amsthm 
 changed the theorem header of amsthm
(mdframed)              on input line 1128.
Package mdframed Info: mdframed detected package amsthm 
 changed the theorem header of amsthm
(mdframed)              on input line 1131.
Package mdframed Info: mdframed detected package amsthm 
 changed the theorem header of amsthm
(mdframed)              on input line 1137.
Package mdframed Info: mdframed detected package amsthm 
 changed the theorem header of amsthm
(mdframed)              on input line 1143.


[60]
Package mdframed Info: mdframed detected package amsthm 
 changed the theorem header of amsthm
(mdframed)              on input line 1144.
Package mdframed Info: mdframed detected package amsthm 
 changed the theorem header of amsthm
(mdframed)              on input line 1146.
Package mdframed Info: mdframed detected package amsthm 
 changed the theorem header of amsthm
(mdframed)              on input line 1147.
Package mdframed Info: mdframed detected package amsthm 
 changed the theorem header of amsthm
(mdframed)              on input line 1155.
Package mdframed Info: mdframed detected package amsthm 
 changed the theorem header of amsthm
(mdframed)              on input line 1157.
Package mdframed Info: mdframed inside a box 
 mdframed uses option nobreak mdframed on input line 1157.
Package mdframed Info: mdframed detected package amsthm 
 changed the theorem header of amsthm
(mdframed)              on input line 1163.
Package mdframed Info: mdframed detected package amsthm 
 changed the theorem header of amsthm
(mdframed)              on input line 1165.
Package mdframed Info: mdframed detected package amsthm 
 changed the theorem header of amsthm
(mdframed)              on input line 1168.
Package mdframed Info: mdframed detected package amsthm 
 changed the theorem header of amsthm
(mdframed)              on input line 1169.
Package mdframed Info: mdframed detected package amsthm 
 changed the theorem header of amsthm
(mdframed)              on input line 1171.
Package mdframed Info: mdframed detected package amsthm 
 changed the theorem header of amsthm
(mdframed)              on input line 1172.
Package mdframed Info: mdframed detected package amsthm 
 changed the theorem header of amsthm
(mdframed)              on input line 1176.
Package mdframed Info: Box was splittet wrong
 starting loop to iterate the splitting point
(mdframed)              on input line 1176.


[61]
Package mdframed Info: mdframed detected package amsthm 
 changed the theorem header of amsthm
(mdframed)              on input line 1177.
Package mdframed Info: mdframed detected package amsthm 
 changed the theorem header of amsthm
(mdframed)              on input line 1183.
Package mdframed Info: mdframed detected package amsthm 
 changed the theorem header of amsthm
(mdframed)              on input line 1184.
Package mdframed Info: mdframed detected package amsthm 
 changed the theorem header of amsthm
(mdframed)              on input line 1186.
Package mdframed Info: mdframed detected package amsthm 
 changed the theorem header of amsthm
(mdframed)              on input line 1192.
Package mdframed Info: mdframed detected package amsthm 
 changed the theorem header of amsthm
(mdframed)              on input line 1195.
Package mdframed Info: mdframed detected package amsthm 
 changed the theorem header of amsthm
(mdframed)              on input line 1196.
Package mdframed Info: mdframed detected package amsthm 
 changed the theorem header of amsthm
(mdframed)              on input line 1198.
Package mdframed Info: mdframed detected package amsthm 
 changed the theorem header of amsthm
(mdframed)              on input line 1199.
Package mdframed Info: mdframed detected package amsthm 
 changed the theorem header of amsthm
(mdframed)              on input line 1204.
Package mdframed Info: Not enough space on this page on input line 1204.


[62]
Package mdframed Info: Not enough space on this page on input line 1204.
Package mdframed Info: mdframed detected package amsthm 
 changed the theorem header of amsthm
(mdframed)              on input line 1205.
Package mdframed Info: mdframed detected package amsthm 
 changed the theorem header of amsthm
(mdframed)              on input line 1210.


[63]
Package mdframed Info: mdframed detected package amsthm 
 changed the theorem header of amsthm
(mdframed)              on input line 1248.
Package mdframed Info: mdframed detected package amsthm 
 changed the theorem header of amsthm
(mdframed)              on input line 1252.
Package mdframed Info: mdframed detected package amsthm 
 changed the theorem header of amsthm
(mdframed)              on input line 1259.

Underfull \hbox (badness 10000) in paragraph at lines 1260--1263

 []

Package mdframed Info: mdframed detected package amsthm 
 changed the theorem header of amsthm
(mdframed)              on input line 1266.
Package mdframed Info: mdframed detected package amsthm 
 changed the theorem header of amsthm
(mdframed)              on input line 1272.

Underfull \hbox (badness 10000) in paragraph at lines 1276--1277

 []

Package mdframed Info: mdframed detected package amsthm 
 changed the theorem header of amsthm
(mdframed)              on input line 1294.


[64]
Package mdframed Info: mdframed detected package amsthm 
 changed the theorem header of amsthm
(mdframed)              on input line 1295.
Package mdframed Info: mdframed detected package amsthm 
 changed the theorem header of amsthm
(mdframed)              on input line 1303.


[65]
Package mdframed Info: mdframed detected package amsthm 
 changed the theorem header of amsthm
(mdframed)              on input line 1304.
Package mdframed Info: mdframed detected package amsthm 
 changed the theorem header of amsthm
(mdframed)              on input line 1306.
Package mdframed Info: mdframed detected package amsthm 
 changed the theorem header of amsthm
(mdframed)              on input line 1322.
Package mdframed Info: mdframed detected package amsthm 
 changed the theorem header of amsthm
(mdframed)              on input line 1327.


[66]
Package mdframed Info: mdframed detected package amsthm 
 changed the theorem header of amsthm
(mdframed)              on input line 1343.
Package mdframed Info: mdframed detected package amsthm 
 changed the theorem header of amsthm
(mdframed)              on input line 1347.
Package mdframed Info: mdframed detected package amsthm 
 changed the theorem header of amsthm
(mdframed)              on input line 1366.
Package mdframed Info: mdframed detected package amsthm 
 changed the theorem header of amsthm
(mdframed)              on input line 1370.
Package mdframed Info: Not enough space on this page on input line 1370.


[67]
Package mdframed Info: Not enough space on this page on input line 1370.
Package mdframed Info: mdframed detected package amsthm 
 changed the theorem header of amsthm
(mdframed)              on input line 1378.
Package mdframed Info: mdframed detected package amsthm 
 changed the theorem header of amsthm
(mdframed)              on input line 1387.
Package mdframed Info: mdframed detected package amsthm 
 changed the theorem header of amsthm
(mdframed)              on input line 1396.
Package mdframed Info: mdframed detected package amsthm 
 changed the theorem header of amsthm
(mdframed)              on input line 1406.


[68]
Package mdframed Info: mdframed detected package amsthm 
 changed the theorem header of amsthm
(mdframed)              on input line 1407.
Package mdframed Info: mdframed detected package amsthm 
 changed the theorem header of amsthm
(mdframed)              on input line 1411.


[69]
Package mdframed Info: mdframed detected package amsthm 
 changed the theorem header of amsthm
(mdframed)              on input line 1467.
Package mdframed Info: mdframed detected package amsthm 
 changed the theorem header of amsthm
(mdframed)              on input line 1471.
Package mdframed Info: Not enough space on this page on input line 1471.


[70]
Package mdframed Info: Not enough space on this page on input line 1471.
Package mdframed Info: mdframed detected package amsthm 
 changed the theorem header of amsthm
(mdframed)              on input line 1474.
Package mdframed Info: mdframed detected package amsthm 
 changed the theorem header of amsthm
(mdframed)              on input line 1479.
Package mdframed Info: mdframed detected package amsthm 
 changed the theorem header of amsthm
(mdframed)              on input line 1494.
Package mdframed Info: mdframed detected package amsthm 
 changed the theorem header of amsthm
(mdframed)              on input line 1503.
Package mdframed Info: mdframed detected package amsthm 
 changed the theorem header of amsthm
(mdframed)              on input line 1504.
Package mdframed Info: mdframed detected package amsthm 
 changed the theorem header of amsthm
(mdframed)              on input line 1507.


[71]
Package mdframed Info: Not enough space on this page on input line 1507.
Package mdframed Info: mdframed detected package amsthm 
 changed the theorem header of amsthm
(mdframed)              on input line 1519.
Package mdframed Info: mdframed detected package amsthm 
 changed the theorem header of amsthm
(mdframed)              on input line 1523.
Package mdframed Info: mdframed detected package amsthm 
 changed the theorem header of amsthm
(mdframed)              on input line 1525.
Package mdframed Info: mdframed detected package amsthm 
 changed the theorem header of amsthm
(mdframed)              on input line 1526.


[72]
Package mdframed Info: mdframed detected package amsthm 
 changed the theorem header of amsthm
(mdframed)              on input line 1562.
Package mdframed Info: mdframed detected package amsthm 
 changed the theorem header of amsthm
(mdframed)              on input line 1563.
Package mdframed Info: mdframed detected package amsthm 
 changed the theorem header of amsthm
(mdframed)              on input line 1580.

Underfull \hbox (badness 10000) in paragraph at lines 1581--1582

 []

Package mdframed Info: mdframed detected package amsthm 
 changed the theorem header of amsthm
(mdframed)              on input line 1584.
Package mdframed Info: mdframed detected package amsthm 
 changed the theorem header of amsthm
(mdframed)              on input line 1586.
Package mdframed Info: mdframed detected package amsthm 
 changed the theorem header of amsthm
(mdframed)              on input line 1588.


[73]
Package mdframed Info: mdframed detected package amsthm 
 changed the theorem header of amsthm
(mdframed)              on input line 1609.
Package mdframed Info: mdframed detected package amsthm 
 changed the theorem header of amsthm
(mdframed)              on input line 1611.
Package mdframed Info: mdframed detected package amsthm 
 changed the theorem header of amsthm
(mdframed)              on input line 1613.
Package mdframed Info: mdframed detected package amsthm 
 changed the theorem header of amsthm
(mdframed)              on input line 1615.
Package mdframed Info: mdframed detected package amsthm 
 changed the theorem header of amsthm
(mdframed)              on input line 1616.
Package mdframed Info: mdframed detected package amsthm 
 changed the theorem header of amsthm
(mdframed)              on input line 1618.
Package mdframed Info: mdframed detected package amsthm 
 changed the theorem header of amsthm
(mdframed)              on input line 1619.
Package mdframed Info: mdframed detected package amsthm 
 changed the theorem header of amsthm
(mdframed)              on input line 1626.


[74]
Package mdframed Info: mdframed detected package amsthm 
 changed the theorem header of amsthm
(mdframed)              on input line 1628.
Package mdframed Info: mdframed detected package amsthm 
 changed the theorem header of amsthm
(mdframed)              on input line 1636.
Package mdframed Info: mdframed detected package amsthm 
 changed the theorem header of amsthm
(mdframed)              on input line 1637.
Package mdframed Info: mdframed detected package amsthm 
 changed the theorem header of amsthm
(mdframed)              on input line 1639.
Package mdframed Info: mdframed detected package amsthm 
 changed the theorem header of amsthm
(mdframed)              on input line 1641.
Package mdframed Info: mdframed detected package amsthm 
 changed the theorem header of amsthm
(mdframed)              on input line 1654.
Package mdframed Info: mdframed detected package amsthm 
 changed the theorem header of amsthm
(mdframed)              on input line 1655.
Package mdframed Info: mdframed detected package amsthm 
 changed the theorem header of amsthm
(mdframed)              on input line 1658.
Package mdframed Info: mdframed detected package amsthm 
 changed the theorem header of amsthm
(mdframed)              on input line 1660.
Package mdframed Info: mdframed detected package amsthm 
 changed the theorem header of amsthm
(mdframed)              on input line 1662.

Overfull \hbox (9.65741pt too wide) in paragraph at lines 1662--1662
[][] 
 []



[75]
Package mdframed Info: mdframed detected package amsthm 
 changed the theorem header of amsthm
(mdframed)              on input line 1706.
Package mdframed Info: mdframed detected package amsthm 
 changed the theorem header of amsthm
(mdframed)              on input line 1708.
Package mdframed Info: mdframed detected package amsthm 
 changed the theorem header of amsthm
(mdframed)              on input line 1710.
Package mdframed Info: mdframed detected package amsthm 
 changed the theorem header of amsthm
(mdframed)              on input line 1712.
Package mdframed Info: mdframed detected package amsthm 
 changed the theorem header of amsthm
(mdframed)              on input line 1714.
Package mdframed Info: mdframed detected package amsthm 
 changed the theorem header of amsthm
(mdframed)              on input line 1716.
Package mdframed Info: Not enough space on this page on input line 1716.


[76]
Package mdframed Info: Not enough space on this page on input line 1716.
Package mdframed Info: mdframed detected package amsthm 
 changed the theorem header of amsthm
(mdframed)              on input line 1718.
Package mdframed Info: mdframed detected package amsthm 
 changed the theorem header of amsthm
(mdframed)              on input line 1720.
Package mdframed Info: mdframed detected package amsthm 
 changed the theorem header of amsthm
(mdframed)              on input line 1722.
Package mdframed Info: mdframed detected package amsthm 
 changed the theorem header of amsthm
(mdframed)              on input line 1726.
Package mdframed Info: mdframed detected package amsthm 
 changed the theorem header of amsthm
(mdframed)              on input line 1728.
Package mdframed Info: mdframed detected package amsthm 
 changed the theorem header of amsthm
(mdframed)              on input line 1730.
Package mdframed Info: mdframed detected package amsthm 
 changed the theorem header of amsthm
(mdframed)              on input line 1731.
Package mdframed Info: mdframed detected package amsthm 
 changed the theorem header of amsthm
(mdframed)              on input line 1769.


[77]
Package mdframed Info: mdframed detected package amsthm 
 changed the theorem header of amsthm
(mdframed)              on input line 1770.
Package mdframed Info: mdframed detected package amsthm 
 changed the theorem header of amsthm
(mdframed)              on input line 1772.
Package mdframed Info: mdframed detected package amsthm 
 changed the theorem header of amsthm
(mdframed)              on input line 1784.
Package mdframed Info: mdframed detected package amsthm 
 changed the theorem header of amsthm
(mdframed)              on input line 1786.


[78]
Package mdframed Info: mdframed detected package amsthm 
 changed the theorem header of amsthm
(mdframed)              on input line 1800.
Package mdframed Info: mdframed detected package amsthm 
 changed the theorem header of amsthm
(mdframed)              on input line 1817.
Package mdframed Info: mdframed detected package amsthm 
 changed the theorem header of amsthm
(mdframed)              on input line 1818.
Package mdframed Info: mdframed detected package amsthm 
 changed the theorem header of amsthm
(mdframed)              on input line 1822.


[79]
Package mdframed Info: mdframed detected package amsthm 
 changed the theorem header of amsthm
(mdframed)              on input line 1834.
Package mdframed Info: mdframed detected package amsthm 
 changed the theorem header of amsthm
(mdframed)              on input line 1847.
Package mdframed Info: mdframed detected package amsthm 
 changed the theorem header of amsthm
(mdframed)              on input line 1848.
Package mdframed Info: mdframed detected package amsthm 
 changed the theorem header of amsthm
(mdframed)              on input line 1869.


[80]
Package mdframed Info: mdframed detected package amsthm 
 changed the theorem header of amsthm
(mdframed)              on input line 1870.
Package mdframed Info: mdframed detected package amsthm 
 changed the theorem header of amsthm
(mdframed)              on input line 1892.


[81]

[82]

[83]

[84]

[85]
Package mdframed Info: mdframed detected package amsthm 
 changed the theorem header of amsthm
(mdframed)              on input line 2099.
Package mdframed Info: mdframed detected package amsthm 
 changed the theorem header of amsthm
(mdframed)              on input line 2105.
Package mdframed Info: mdframed detected package amsthm 
 changed the theorem header of amsthm
(mdframed)              on input line 2107.
Package mdframed Info: mdframed detected package amsthm 
 changed the theorem header of amsthm
(mdframed)              on input line 2113.


[86]
Package mdframed Info: mdframed detected package amsthm 
 changed the theorem header of amsthm
(mdframed)              on input line 2151.

Overfull \hbox (17.54573pt too wide) detected at line 2162
[]
 []

Package mdframed Info: mdframed detected package amsthm 
 changed the theorem header of amsthm
(mdframed)              on input line 2163.
Package mdframed Info: You first box width is to small
 mdframed fixed it
(mdframed)              on input line 2163.


[87]
Package mdframed Info: mdframed detected package amsthm 
 changed the theorem header of amsthm
(mdframed)              on input line 2175.
Package mdframed Info: mdframed detected package amsthm 
 changed the theorem header of amsthm
(mdframed)              on input line 2179.
Package mdframed Info: mdframed detected package amsthm 
 changed the theorem header of amsthm
(mdframed)              on input line 2180.
Package mdframed Info: mdframed detected package amsthm 
 changed the theorem header of amsthm
(mdframed)              on input line 2185.
Package mdframed Info: mdframed detected package amsthm 
 changed the theorem header of amsthm
(mdframed)              on input line 2186.
Package mdframed Info: mdframed detected package amsthm 
 changed the theorem header of amsthm
(mdframed)              on input line 2195.
Package mdframed Info: Not enough space on this page on input line 2195.


[88]
Package mdframed Info: Not enough space on this page on input line 2195.
Package mdframed Info: mdframed detected package amsthm 
 changed the theorem header of amsthm
(mdframed)              on input line 2201.
Package mdframed Info: mdframed detected package amsthm 
 changed the theorem header of amsthm
(mdframed)              on input line 2203.
Package mdframed Info: mdframed detected package amsthm 
 changed the theorem header of amsthm
(mdframed)              on input line 2204.

Overfull \hbox (20.05055pt too wide) detected at line 2225
[]
 []

Package mdframed Info: mdframed detected package amsthm 
 changed the theorem header of amsthm
(mdframed)              on input line 2227.
Package mdframed Info: You first box width is to small
 mdframed fixed it
(mdframed)              on input line 2227.


[89]
Package mdframed Info: mdframed detected package amsthm 
 changed the theorem header of amsthm
(mdframed)              on input line 2231.
Package mdframed Info: mdframed detected package amsthm 
 changed the theorem header of amsthm
(mdframed)              on input line 2236.
Package mdframed Info: mdframed detected package amsthm 
 changed the theorem header of amsthm
(mdframed)              on input line 2238.
Package mdframed Info: mdframed detected package amsthm 
 changed the theorem header of amsthm
(mdframed)              on input line 2247.
Package mdframed Info: mdframed detected package amsthm 
 changed the theorem header of amsthm
(mdframed)              on input line 2251.
Package mdframed Info: mdframed detected package amsthm 
 changed the theorem header of amsthm
(mdframed)              on input line 2256.


[90]
Package mdframed Info: mdframed detected package amsthm 
 changed the theorem header of amsthm
(mdframed)              on input line 2275.
Package mdframed Info: mdframed detected package amsthm 
 changed the theorem header of amsthm
(mdframed)              on input line 2277.

Overfull \hbox (1.19662pt too wide) in paragraph at lines 2277--2277
[][] 
 []



[91]
Package mdframed Info: mdframed detected package amsthm 
 changed the theorem header of amsthm
(mdframed)              on input line 2324.
Package mdframed Info: mdframed detected package amsthm 
 changed the theorem header of amsthm
(mdframed)              on input line 2326.


[92]

[93]
Overfull \hbox (16.41pt too wide) in paragraph at lines 2421--2422
[]\T1/lmr/m/n/10 Using the for-mula for the ex-pec-ta-tion of a dis-crete ran-dom vari-able $\OML/lmm/m/it/10 E\OT1/lmr/m/n/10 [\OML/lmm/m/it/10 N\OT1/lmr/m/n/10 ] = [][] \OML/lmm/m/it/10 P\OT1/lmr/m/n/10 (\OML/lmm/m/it/10 N \OMS/lmsy/m/n/10 ^^U
 []


Overfull \hbox (4.71007pt too wide) in paragraph at lines 2444--2446
\T1/lmr/m/n/10 Show that if $\OML/lmm/m/it/10 X[]; X[]; :::; X[]$ \T1/lmr/m/n/10 is in-de-pen-dent $\OML/lmm/m/it/10 Exp\OT1/lmr/m/n/10 (\OML/lmm/m/it/10 ^^U\OT1/lmr/m/n/10 )$ \T1/lmr/m/n/10 then $\OML/lmm/m/it/10 X[] \OT1/lmr/m/n/10 + \OML/lmm/m/it/10 X[] \OT1/lmr/m/n/10 + [] + \OML/lmm/m/it/10 X[] \OMS/lmsy/m/n/10 ^^X \OML/lmm/m/it/10 Gamma\OT1/lmr/m/n/10 (\OML/lmm/m/it/10 n; ^^U\OT1/lmr/m/n/10 )$ 
 []



[94]
LaTeX Font Info:    Trying to load font information for T1+lmss on input line 2449.
 (c:/texlive/2025/texmf-dist/tex/latex/lm/t1lmss.fd
File: t1lmss.fd 2015/05/01 v1.6.1 Font defs for Latin Modern
)
Package mdframed Info: mdframed detected package amsthm 
 changed the theorem header of amsthm
(mdframed)              on input line 2495.
Package mdframed Info: mdframed detected package amsthm 
 changed the theorem header of amsthm
(mdframed)              on input line 2498.


Package mdframed Warning: You got a bad break
(mdframed)                because the last box will be empty
(mdframed)                you have to change it manually
(mdframed)                by changing the text, the space
(mdframed)                or something else on input line 2498.



[95]
Package mdframed Info: mdframed detected package amsthm 
 changed the theorem header of amsthm
(mdframed)              on input line 2499.

Overfull \hbox (5.91634pt too wide) detected at line 2503
\OML/lmm/m/it/10 P\OT1/lmr/m/n/10 [\OML/lmm/m/it/10 T[] < \OMS/lmsy/m/n/10 1\OT1/lmr/m/n/10 ] = \OML/lmm/m/it/10 P\OT1/lmr/m/n/10 [\OML/lmm/m/it/10 T[] < \OMS/lmsy/m/n/10 1j\OML/lmm/m/it/10 T[] < \OMS/lmsy/m/n/10 1\OT1/lmr/m/n/10 ]\OML/lmm/m/it/10 P\OT1/lmr/m/n/10 [\OML/lmm/m/it/10 T[] < \OMS/lmsy/m/n/10 1\OT1/lmr/m/n/10 ] + \OML/lmm/m/it/10 P\OT1/lmr/m/n/10 [\OML/lmm/m/it/10 T[] < \OMS/lmsy/m/n/10 1j\OML/lmm/m/it/10 T[] \OT1/lmr/m/n/10 = \OMS/lmsy/m/n/10 1\OT1/lmr/m/n/10 ]\OML/lmm/m/it/10 P\OT1/lmr/m/n/10 [\OML/lmm/m/it/10 T[] < \OMS/lmsy/m/n/10 1\OT1/lmr/m/n/10 ]
 []

Package mdframed Info: mdframed detected package amsthm 
 changed the theorem header of amsthm
(mdframed)              on input line 2504.
)

[96]
\openout2 = `pde/w1.aux'.

 (./pde/w1.tex
Chapter 3.
Package mdframed Info: mdframed detected package amsthm 
 changed the theorem header of amsthm
(mdframed)              on input line 18.
Package mdframed Info: mdframed detected package amsthm 
 changed the theorem header of amsthm
(mdframed)              on input line 32.
Package mdframed Info: Box was splittet wrong
 starting loop to iterate the splitting point
(mdframed)              on input line 32.


[97




]
Underfull \hbox (badness 10000) in paragraph at lines 34--40

 []

<resource/1.png, id=1286, 209.78375pt x 138.5175pt>
File: resource/1.png Graphic file (type png)
<use resource/1.png>
Package pdftex.def Info: resource/1.png  used on input line 83.
(pdftex.def)             Requested size: 190.34972pt x 152.2767pt.


[98]
Package mdframed Info: mdframed detected package amsthm 
 changed the theorem header of amsthm
(mdframed)              on input line 121.
Package mdframed Info: mdframed detected package amsthm 
 changed the theorem header of amsthm
(mdframed)              on input line 126.
Package mdframed Info: Not enough space on this page on input line 126.


[99 <./resource/1.png>]
Package mdframed Info: Not enough space on this page on input line 126.
Package mdframed Info: mdframed detected package amsthm 
 changed the theorem header of amsthm
(mdframed)              on input line 138.
Package mdframed Info: mdframed detected package amsthm 
 changed the theorem header of amsthm
(mdframed)              on input line 148.


[100]
Package mdframed Info: mdframed detected package amsthm 
 changed the theorem header of amsthm
(mdframed)              on input line 191.
Package mdframed Info: mdframed detected package amsthm 
 changed the theorem header of amsthm
(mdframed)              on input line 193.
Package mdframed Info: mdframed detected package amsthm 
 changed the theorem header of amsthm
(mdframed)              on input line 196.
Package mdframed Info: mdframed detected package amsthm 
 changed the theorem header of amsthm
(mdframed)              on input line 198.


[101]
Package mdframed Info: mdframed detected package amsthm 
 changed the theorem header of amsthm
(mdframed)              on input line 215.
Package mdframed Info: mdframed detected package amsthm 
 changed the theorem header of amsthm
(mdframed)              on input line 224.
Package mdframed Info: mdframed detected package amsthm 
 changed the theorem header of amsthm
(mdframed)              on input line 254.
<resource/2.png, id=1325, 224.33812pt x 224.84pt>
File: resource/2.png Graphic file (type png)
<use resource/2.png>
Package pdftex.def Info: resource/2.png  used on input line 276.
(pdftex.def)             Requested size: 178.3548pt x 142.6826pt.

Underfull \hbox (badness 10000) in paragraph at lines 272--279

 []

<resource/3.png, id=1326, 280.04625pt x 128.48pt>
File: resource/3.png Graphic file (type png)
<use resource/3.png>
Package pdftex.def Info: resource/3.png  used on input line 287.
(pdftex.def)             Requested size: 178.35725pt x 142.68896pt.
Package mdframed Info: mdframed detected package amsthm 
 changed the theorem header of amsthm
(mdframed)              on input line 289.


[102]
Package mdframed Info: Not enough space on this page on input line 289.


[103 <./resource/2.png>]
Overfull \hbox (9.30931pt too wide) in paragraph at lines 290--290
[]\T1/lmr/bx/sc/14.4 Lecture 3 (02-10)-Nonlinear trans-port and shocks 
 []

Package mdframed Info: mdframed detected package amsthm 
 changed the theorem header of amsthm
(mdframed)              on input line 313.
<resource/cline.png, id=1352, 680.5425pt x 661.47125pt>
File: resource/cline.png Graphic file (type png)
<use resource/cline.png>
Package pdftex.def Info: resource/cline.png  used on input line 363.
(pdftex.def)             Requested size: 178.34912pt x 142.66774pt.

Underfull \hbox (badness 10000) in paragraph at lines 369--373

 []

Package mdframed Info: mdframed detected package amsthm 
 changed the theorem header of amsthm
(mdframed)              on input line 373.
Package mdframed Info: Box was splittet wrong
 starting loop to iterate the splitting point
(mdframed)              on input line 373.


[104 <./resource/3.png>]
Package mdframed Info: Box was splittet wrong
 starting loop to iterate the splitting point
(mdframed)              on input line 373.


[105]

[106 <./resource/cline.png>]
Package mdframed Info: mdframed detected package amsthm 
 changed the theorem header of amsthm
(mdframed)              on input line 441.
Package mdframed Info: mdframed detected package amsthm 
 changed the theorem header of amsthm
(mdframed)              on input line 445.


[107]

[108]
Package mdframed Info: mdframed detected package amsthm 
 changed the theorem header of amsthm
(mdframed)              on input line 487.
Package mdframed Info: mdframed detected package amsthm 
 changed the theorem header of amsthm
(mdframed)              on input line 499.


[109]
<resource/4.png, id=1402, 221.82875pt x 206.7725pt>
File: resource/4.png Graphic file (type png)
<use resource/4.png>
Package pdftex.def Info: resource/4.png  used on input line 551.
(pdftex.def)             Requested size: 190.34589pt x 152.28041pt.


[110]
Underfull \hbox (badness 10000) in paragraph at lines 568--571

 []

Package mdframed Info: mdframed detected package amsthm 
 changed the theorem header of amsthm
(mdframed)              on input line 572.
Package mdframed Info: mdframed detected package amsthm 
 changed the theorem header of amsthm
(mdframed)              on input line 585.
Package mdframed Info: Box was splittet wrong
 starting loop to iterate the splitting point
(mdframed)              on input line 585.


[111 <./resource/4.png>]
Package mdframed Info: mdframed detected package amsthm 
 changed the theorem header of amsthm
(mdframed)              on input line 586.
Package mdframed Info: mdframed detected package amsthm 
 changed the theorem header of amsthm
(mdframed)              on input line 603.

Overfull \hbox (15.18933pt too wide) detected at line 631
[]
 []



[112]

[113]

[114]

[115]
Underfull \hbox (badness 10000) in paragraph at lines 723--725

 []


Underfull \hbox (badness 10000) in paragraph at lines 745--759

 []



[116]
Underfull \hbox (badness 10000) in paragraph at lines 777--782

 []



[117]
Overfull \hbox (2.7576pt too wide) in paragraph at lines 830--834
\T1/lmr/m/n/10 Since E(0)=0, $[] \OMS/lmsy/m/n/10 ^^T \OT1/lmr/m/n/10 0\OML/lmm/m/it/10 ; E\OT1/lmr/m/n/10 (\OML/lmm/m/it/10 t \OMS/lmsy/m/n/10 ^^U \OT1/lmr/m/n/10 0) \OMS/lmsy/m/n/10 ) \OML/lmm/m/it/10 E\OT1/lmr/m/n/10 (\OML/lmm/m/it/10 t\OT1/lmr/m/n/10 ) = 0$ $\OMS/lmsy/m/n/10 ) [] \OT1/lmr/m/n/10 = [] = \OML/lmm/m/it/10 E; \OMS/lmsy/m/n/10 8\OML/lmm/m/it/10 x; t \OMS/lmsy/m/n/10 ) \OML/lmm/m/it/10 u[] \OMS/lmsy/m/n/10 )
 []



[118]

[119]
Underfull \hbox (badness 10000) in paragraph at lines 887--890

 []


Underfull \hbox (badness 10000) in paragraph at lines 900--902

 []


Underfull \hbox (badness 10000) in paragraph at lines 909--911

 []



[120]
Package mdframed Info: mdframed detected package amsthm 
 changed the theorem header of amsthm
(mdframed)              on input line 944.
Package mdframed Info: mdframed detected package amsthm 
 changed the theorem header of amsthm
(mdframed)              on input line 953.


[121]
Package mdframed Info: mdframed detected package amsthm 
 changed the theorem header of amsthm
(mdframed)              on input line 962.
Package mdframed Info: mdframed detected package amsthm 
 changed the theorem header of amsthm
(mdframed)              on input line 967.
Package mdframed Info: mdframed detected package amsthm 
 changed the theorem header of amsthm
(mdframed)              on input line 968.
Package mdframed Info: mdframed detected package amsthm 
 changed the theorem header of amsthm
(mdframed)              on input line 976.
Package mdframed Info: mdframed detected package amsthm 
 changed the theorem header of amsthm
(mdframed)              on input line 977.
Package mdframed Info: mdframed detected package amsthm 
 changed the theorem header of amsthm
(mdframed)              on input line 979.
Package mdframed Info: mdframed detected package amsthm 
 changed the theorem header of amsthm
(mdframed)              on input line 980.
Package mdframed Info: mdframed detected package amsthm 
 changed the theorem header of amsthm
(mdframed)              on input line 983.


[122]
Package mdframed Info: mdframed detected package amsthm 
 changed the theorem header of amsthm
(mdframed)              on input line 984.
Package mdframed Info: mdframed detected package amsthm 
 changed the theorem header of amsthm
(mdframed)              on input line 1005.


[123]
Package mdframed Info: mdframed detected package amsthm 
 changed the theorem header of amsthm
(mdframed)              on input line 1038.
Package mdframed Info: mdframed detected package amsthm 
 changed the theorem header of amsthm
(mdframed)              on input line 1057.
Package mdframed Info: mdframed detected package amsthm 
 changed the theorem header of amsthm
(mdframed)              on input line 1068.
Package mdframed Info: mdframed detected package amsthm 
 changed the theorem header of amsthm
(mdframed)              on input line 1074.
Package mdframed Info: Not enough space on this page on input line 1074.


[124]
Package mdframed Info: Not enough space on this page on input line 1074.
Package mdframed Info: mdframed detected package amsthm 
 changed the theorem header of amsthm
(mdframed)              on input line 1075.
Package mdframed Info: mdframed detected package amsthm 
 changed the theorem header of amsthm
(mdframed)              on input line 1084.
Package mdframed Info: mdframed detected package amsthm 
 changed the theorem header of amsthm
(mdframed)              on input line 1085.
Package mdframed Info: mdframed detected package amsthm 
 changed the theorem header of amsthm
(mdframed)              on input line 1097.
Package mdframed Info: mdframed detected package amsthm 
 changed the theorem header of amsthm
(mdframed)              on input line 1098.
Package mdframed Info: mdframed detected package amsthm 
 changed the theorem header of amsthm
(mdframed)              on input line 1104.


[125]
Package mdframed Info: mdframed detected package amsthm 
 changed the theorem header of amsthm
(mdframed)              on input line 1105.
Package mdframed Info: mdframed detected package amsthm 
 changed the theorem header of amsthm
(mdframed)              on input line 1119.
Package mdframed Info: mdframed detected package amsthm 
 changed the theorem header of amsthm
(mdframed)              on input line 1127.
Package mdframed Info: mdframed detected package amsthm 
 changed the theorem header of amsthm
(mdframed)              on input line 1141.


[126]
Overfull \hbox (5.40388pt too wide) detected at line 1163
[]
 []

Package mdframed Info: mdframed detected package amsthm 
 changed the theorem header of amsthm
(mdframed)              on input line 1167.
Package mdframed Info: mdframed detected package amsthm 
 changed the theorem header of amsthm
(mdframed)              on input line 1174.

Package mdframed Warning: You got a bad break
(mdframed)                because the last box will be empty
(mdframed)                you have to change it manually
(mdframed)                by changing the text, the space
(mdframed)                or something else on input line 1174.



[127]
Package mdframed Info: mdframed detected package amsthm 
 changed the theorem header of amsthm
(mdframed)              on input line 1175.
Package mdframed Info: mdframed detected package amsthm 
 changed the theorem header of amsthm
(mdframed)              on input line 1179.
Package mdframed Info: mdframed detected package amsthm 
 changed the theorem header of amsthm
(mdframed)              on input line 1180.
Package mdframed Info: mdframed detected package amsthm 
 changed the theorem header of amsthm
(mdframed)              on input line 1185.
Package mdframed Info: mdframed detected package amsthm 
 changed the theorem header of amsthm
(mdframed)              on input line 1194.
Package mdframed Info: mdframed detected package amsthm 
 changed the theorem header of amsthm
(mdframed)              on input line 1198.


[128]
Package mdframed Info: mdframed detected package amsthm 
 changed the theorem header of amsthm
(mdframed)              on input line 1211.
Package mdframed Info: mdframed detected package amsthm 
 changed the theorem header of amsthm
(mdframed)              on input line 1214.

Overfull \hbox (37.1542pt too wide) detected at line 1265
[]
 []



[129]
Overfull \hbox (90.61107pt too wide) detected at line 1281
[]
 []



[130]
Overfull \hbox (69.76253pt too wide) detected at line 1307
[]
 []



[131]
Package mdframed Info: mdframed detected package amsthm 
 changed the theorem header of amsthm
(mdframed)              on input line 1308.
Package mdframed Info: mdframed detected package amsthm 
 changed the theorem header of amsthm
(mdframed)              on input line 1312.
Package mdframed Info: mdframed detected package amsthm 
 changed the theorem header of amsthm
(mdframed)              on input line 1313.
Package mdframed Info: mdframed detected package amsthm 
 changed the theorem header of amsthm
(mdframed)              on input line 1320.
Package mdframed Info: mdframed detected package amsthm 
 changed the theorem header of amsthm
(mdframed)              on input line 1324.
Package mdframed Info: mdframed detected package amsthm 
 changed the theorem header of amsthm
(mdframed)              on input line 1336.


[132]

[133]
Overfull \hbox (21.38142pt too wide) detected at line 1383
[]
 []



[134]
Package mdframed Info: mdframed detected package amsthm 
 changed the theorem header of amsthm
(mdframed)              on input line 1405.
Package mdframed Info: mdframed detected package amsthm 
 changed the theorem header of amsthm
(mdframed)              on input line 1407.


[135])

[136]
\openout2 = `algo/w1.aux'.

 (./algo/w1.tex
Chapter 4.
Package mdframed Info: mdframed detected package amsthm 
 changed the theorem header of amsthm
(mdframed)              on input line 3.
Package mdframed Info: mdframed detected package amsthm 
 changed the theorem header of amsthm
(mdframed)              on input line 5.
Package mdframed Info: mdframed detected package amsthm 
 changed the theorem header of amsthm
(mdframed)              on input line 9.
Package mdframed Info: mdframed detected package amsthm 
 changed the theorem header of amsthm
(mdframed)              on input line 12.
Package mdframed Info: mdframed detected package amsthm 
 changed the theorem header of amsthm
(mdframed)              on input line 13.
Package mdframed Info: mdframed detected package amsthm 
 changed the theorem header of amsthm
(mdframed)              on input line 16.
Package mdframed Info: mdframed detected package amsthm 
 changed the theorem header of amsthm
(mdframed)              on input line 17.
Package mdframed Info: mdframed detected package amsthm 
 changed the theorem header of amsthm
(mdframed)              on input line 20.
Package mdframed Info: mdframed detected package amsthm 
 changed the theorem header of amsthm
(mdframed)              on input line 21.
Package mdframed Info: mdframed detected package amsthm 
 changed the theorem header of amsthm
(mdframed)              on input line 23.
Package mdframed Info: mdframed detected package amsthm 
 changed the theorem header of amsthm
(mdframed)              on input line 24.
Package mdframed Info: mdframed detected package amsthm 
 changed the theorem header of amsthm
(mdframed)              on input line 27.
Package mdframed Info: Not enough space on this page on input line 27.


[137




]
Package mdframed Info: Not enough space on this page on input line 27.
Package mdframed Info: mdframed detected package amsthm 
 changed the theorem header of amsthm
(mdframed)              on input line 28.
Package mdframed Info: mdframed detected package amsthm 
 changed the theorem header of amsthm
(mdframed)              on input line 35.
Package mdframed Info: mdframed detected package amsthm 
 changed the theorem header of amsthm
(mdframed)              on input line 39.
Package mdframed Info: mdframed detected package amsthm 
 changed the theorem header of amsthm
(mdframed)              on input line 41.

Overfull \hbox (20.86792pt too wide) in paragraph at lines 43--60
[] 
 []


Overfull \hbox (3.82893pt too wide) detected at line 83
[]
 []



[138]

[139]

[140]
Overfull \hbox (67.50163pt too wide) detected at line 182
[]
 []



[141]

[142])

[143] (./Notebook.aux (./title.aux) (./complex/w1.aux) (./htop/w1.aux) (./pde/w1.aux) (./algo/w1.aux))
 ***********
LaTeX2e <2025-06-01> patch level 1
L3 programming layer <2020/03/25>
 ***********


LaTeX Font Warning: Some font shapes were not available, defaults substituted.


LaTeX Warning: There were multiply-defined labels.

Package rerunfilecheck Info: File `Notebook.out' has not changed.
(rerunfilecheck)             Checksum: BA0AB7F4A952BE83FDB9B1AF28BBB10F;20643.
Package logreq Info: Writing requests to 'Notebook.run.xml'.
\openout1 = `Notebook.run.xml'.

 ) 
Here is how much of TeX's memory you used:
 36422 strings out of 467800
 687367 string characters out of 5436061
 2362646 words of memory out of 5000000
 63666 multiletter control sequences out of 15000+600000
 735257 words of font info for 101 fonts, out of 8000000 for 9000
 1141 hyphenation exceptions out of 8191
 119i,21n,123p,1154b,2443s stack positions out of 10000i,1000n,20000p,200000b,200000s
<c:/texlive/2025/texmf-dist/fonts/type1/public/calligra-type1/callig15.pfb><c:/texlive/2025/texmf-dist/fonts/type1/public/lm/lmbx10.pfb><c:/texlive/2025/texmf-dist/fonts/type1/public/lm/lmbx12.pfb><c:/texlive/2025/texmf-dist/fonts/type1/public/lm/lmcsc10.pfb><c:/texlive/2025/texmf-dist/fonts/type1/public/lm/lmcsco10.pfb><c:/texlive/2025/texmf-dist/fonts/type1/public/lm/lmex10.pfb><c:/texlive/2025/texmf-dist/fonts/type1/public/lm/lmmi10.pfb><c:/texlive/2025/texmf-dist/fonts/type1/public/lm/lmmi12.pfb><c:/texlive/2025/texmf-dist/fonts/type1/public/lm/lmmi5.pfb><c:/texlive/2025/texmf-dist/fonts/type1/public/lm/lmmi7.pfb><c:/texlive/2025/texmf-dist/fonts/type1/public/lm/lmr10.pfb><c:/texlive/2025/texmf-dist/fonts/type1/public/lm/lmr5.pfb><c:/texlive/2025/texmf-dist/fonts/type1/public/lm/lmr7.pfb><c:/texlive/2025/texmf-dist/fonts/type1/public/lm/lmr9.pfb><c:/texlive/2025/texmf-dist/fonts/type1/public/lm/lmri10.pfb><c:/texlive/2025/texmf-dist/fonts/type1/public/lm/lmro10.pfb><c:/texlive/2025/texmf-dist/fonts/type1/public/lm/lmss10.pfb><c:/texlive/2025/texmf-dist/fonts/type1/public/lm/lmsy10.pfb><c:/texlive/2025/texmf-dist/fonts/type1/public/lm/lmsy5.pfb><c:/texlive/2025/texmf-dist/fonts/type1/public/lm/lmsy7.pfb><c:/texlive/2025/texmf-dist/fonts/type1/public/amsfonts/symbols/msam10.pfb><c:/texlive/2025/texmf-dist/fonts/type1/public/amsfonts/symbols/msbm10.pfb><c:/texlive/2025/texmf-dist/fonts/type1/public/amsfonts/symbols/msbm7.pfb>
Output written on Notebook.pdf (144 pages, 2895215 bytes).
PDF statistics:
 1888 PDF objects out of 2073 (max. 8388607)
 1657 compressed objects within 17 object streams
 672 named destinations out of 1000 (max. 500000)
 859 words of extra memory for PDF output out of 10000 (max. 10000000)

